{
  "per_z": [
    {
      "pos_err_mean_cm": 36.74696087837219,
      "pos_err_median_cm": 37.5480055809021,
      "pos_err_std_cm": 7.63741061091423,
      "pos_err_max_cm": 50.962889194488525,
      "rot_err_mean_deg": 17.7875901554447,
      "rot_err_median_deg": 16.894305572391875,
      "rot_err_std_deg": 7.608158815534605,
      "rot_err_max_deg": 49.0385145235492,
      "pos_succ_5cm": 0.0,
      "pos_succ_2cm": 0.0,
      "rot_succ_5deg": 0.0,
      "rot_succ_10deg": 0.15625,
      "pose_succ_5cm_5deg": 0.0,
      "pose_succ_5cm_10deg": 0.0,
      "pose_succ_2cm_5deg": 0.0,
      "manif_pos_max_mm": 0.0,
      "manif_pos_mean_mm": 0.0,
      "manif_rot_max_deg": 0.006684254741226557,
      "manif_rot_mean_deg": 1.1147011820091706e-05,
      "manif_pose_combined_max": 0.0011666225036606193,
      "quat_norm_mean": 1.7578713595867157e-08,
      "quat_norm_max": 5.960464477539063e-08,
      "invalid_quat_rate": 0.0,
      "frac_A_gen": 0.4375,
      "frac_A_demo": 0.46875,
      "mode_frac_err": 0.03125,
      "mode_collapse": 0.0,
      "frac_between": 0.0,
      "W1_q": 0.5363061428070068,
      "E_vel": 0.04366593435406685,
      "E_acc": 0.12398141622543335,
      "E_p_dot": 0.00587684428319335,
      "E_omega": 0.039777908474206924,
      "joint_viol_rate": 0.0,
      "e_jl": 0.0,
      "joint_margin_min": 0.26661497354507446,
      "z_e": 0.05
    },
    {
      "pos_err_mean_cm": 32.326894998550415,
      "pos_err_median_cm": 33.35237801074982,
      "pos_err_std_cm": 8.010582625865936,
      "pos_err_max_cm": 46.74665033817291,
      "rot_err_mean_deg": 16.924819442508905,
      "rot_err_median_deg": 16.494288713460907,
      "rot_err_std_deg": 7.338406470680475,
      "rot_err_max_deg": 46.67697320292271,
      "pos_succ_5cm": 0.0,
      "pos_succ_2cm": 0.0,
      "rot_succ_5deg": 0.0,
      "rot_succ_10deg": 0.171875,
      "pose_succ_5cm_5deg": 0.0,
      "pose_succ_5cm_10deg": 0.0,
      "pose_succ_2cm_5deg": 0.0,
      "manif_pos_max_mm": 0.0,
      "manif_pos_mean_mm": 0.0,
      "manif_rot_max_deg": 0.0008736680729832436,
      "manif_rot_mean_deg": 1.068296309073444e-06,
      "manif_pose_combined_max": 0.00015248384443111718,
      "quat_norm_mean": 1.6239937394857407e-08,
      "quat_norm_max": 5.960464477539063e-08,
      "invalid_quat_rate": 0.0,
      "frac_A_gen": 0.4375,
      "frac_A_demo": 0.46875,
      "mode_frac_err": 0.03125,
      "mode_collapse": 0.0,
      "frac_between": 0.0,
      "W1_q": 0.4803950786590576,
      "E_vel": 0.03521304205060005,
      "E_acc": 0.09983495622873306,
      "E_p_dot": 0.004574972670525312,
      "E_omega": 0.031963277608156204,
      "joint_viol_rate": 0.0,
      "e_jl": 0.0,
      "joint_margin_min": 0.2647590935230255,
      "z_e": 0.1
    },
    {
      "pos_err_mean_cm": 27.677467465400696,
      "pos_err_median_cm": 28.604114055633545,
      "pos_err_std_cm": 8.644445985555649,
      "pos_err_max_cm": 42.43085980415344,
      "rot_err_mean_deg": 15.660044285593672,
      "rot_err_median_deg": 16.357155590399977,
      "rot_err_std_deg": 6.957837721637473,
      "rot_err_max_deg": 43.51841027785826,
      "pos_succ_5cm": 0.0,
      "pos_succ_2cm": 0.0,
      "rot_succ_5deg": 0.03125,
      "rot_succ_10deg": 0.21875,
      "pose_succ_5cm_5deg": 0.0,
      "pose_succ_5cm_10deg": 0.0,
      "pose_succ_2cm_5deg": 0.0,
      "manif_pos_max_mm": 0.0,
      "manif_pos_mean_mm": 0.0,
      "manif_rot_max_deg": 0.0008728006985727298,
      "manif_rot_mean_deg": 8.523444321999314e-07,
      "manif_pose_combined_max": 0.00015233246085699648,
      "quat_norm_mean": 1.7811544239521027e-08,
      "quat_norm_max": 1.1920928955078125e-07,
      "invalid_quat_rate": 0.0,
      "frac_A_gen": 0.4375,
      "frac_A_demo": 0.46875,
      "mode_frac_err": 0.03125,
      "mode_collapse": 0.0,
      "frac_between": 0.0,
      "W1_q": 0.421678364276886,
      "E_vel": 0.026748554781079292,
      "E_acc": 0.0755263939499855,
      "E_p_dot": 0.0033938423730432987,
      "E_omega": 0.024144262075424194,
      "joint_viol_rate": 0.0,
      "e_jl": 0.0,
      "joint_margin_min": 0.2519243359565735,
      "z_e": 0.15
    },
    {
      "pos_err_mean_cm": 22.752517461776733,
      "pos_err_median_cm": 23.32827001810074,
      "pos_err_std_cm": 9.116993099451065,
      "pos_err_max_cm": 38.95243704319,
      "rot_err_mean_deg": 14.096743758171984,
      "rot_err_median_deg": 13.882374855976549,
      "rot_err_std_deg": 6.449095350177305,
      "rot_err_max_deg": 39.51167787675621,
      "pos_succ_5cm": 0.03125,
      "pos_succ_2cm": 0.0,
      "rot_succ_5deg": 0.0625,
      "rot_succ_10deg": 0.265625,
      "pose_succ_5cm_5deg": 0.0,
      "pose_succ_5cm_10deg": 0.015625,
      "pose_succ_2cm_5deg": 0.0,
      "manif_pos_max_mm": 0.0,
      "manif_pos_mean_mm": 0.0,
      "manif_rot_max_deg": 0.0033907814210855443,
      "manif_rot_mean_deg": 6.874433993408777e-06,
      "manif_pose_combined_max": 0.0005918029928579926,
      "quat_norm_mean": 1.8277205526828766e-08,
      "quat_norm_max": 1.1920928955078125e-07,
      "invalid_quat_rate": 0.0,
      "frac_A_gen": 0.4375,
      "frac_A_demo": 0.46875,
      "mode_frac_err": 0.03125,
      "mode_collapse": 0.0,
      "frac_between": 0.0,
      "W1_q": 0.35870125889778137,
      "E_vel": 0.018864672631025314,
      "E_acc": 0.05275600776076317,
      "E_p_dot": 0.002359536476433277,
      "E_omega": 0.01689109019935131,
      "joint_viol_rate": 0.0,
      "e_jl": 0.0,
      "joint_margin_min": 0.23347994685173035,
      "z_e": 0.2
    }
  ],
  "args": {
    "ckpt": "outputs/franka_baseline_pose_dp_official/ckpt.pt",
    "n_eval_per_z": 64,
    "z_list": [
      0.05,
      0.1,
      0.15,
      0.2
    ],
    "success_pos": 0.05,
    "success_rot": 0.262,
    "n_inference_steps": 100,
    "use_ema": true,
    "seed": 0
  },
  "ckpt": "outputs/franka_baseline_pose_dp_official/ckpt.pt",
  "baseline": "dp_official",
  "cond_injection": "global"
}