{
  "per_z": [
    {
      "z_e": 0.05,
      "e_p_mean": 0.041166532784700394,
      "e_p_max": 0.08553820103406906,
      "e_R_mean": 0.16509079933166504,
      "e_R_max": 0.3277292847633362,
      "succ_rate": 0.078125,
      "manif_adh_max": 3.0330180379678495e-05
    },
    {
      "z_e": 0.1,
      "e_p_mean": 0.032030440866947174,
      "e_p_max": 0.06319974362850189,
      "e_R_mean": 0.16296172142028809,
      "e_R_max": 0.3503372371196747,
      "succ_rate": 0.203125,
      "manif_adh_max": 1.7880911400425248e-05
    },
    {
      "z_e": 0.15,
      "e_p_mean": 0.03126906603574753,
      "e_p_max": 0.07153194397687912,
      "e_R_mean": 0.155258446931839,
      "e_R_max": 0.34217268228530884,
      "succ_rate": 0.125,
      "manif_adh_max": 6.035109981894493e-05
    },
    {
      "z_e": 0.2,
      "e_p_mean": 0.03429445996880531,
      "e_p_max": 0.06320016086101532,
      "e_R_mean": 0.15334677696228027,
      "e_R_max": 0.35772374272346497,
      "succ_rate": 0.09375,
      "manif_adh_max": 6.024669710313901e-05
    }
  ]
}