{
  "per_z": [
    {
      "z_e": 0.05,
      "e_p_mean": 31.513452529907227,
      "e_p_max": 150.4426727294922,
      "e_R_mean": 2.2029805183410645,
      "e_R_max": 3.1397721767425537,
      "succ_rate": 0.0,
      "manif_adh_max": 7.625963462487562e-06
    },
    {
      "z_e": 0.1,
      "e_p_mean": 27.165313720703125,
      "e_p_max": 172.13528442382812,
      "e_R_mean": 2.2112088203430176,
      "e_R_max": 3.139841079711914,
      "succ_rate": 0.0,
      "manif_adh_max": 0.00011691169493133202
    },
    {
      "z_e": 0.15,
      "e_p_mean": 27.248985290527344,
      "e_p_max": 126.8448257446289,
      "e_R_mean": 2.245295286178589,
      "e_R_max": 3.1304264068603516,
      "succ_rate": 0.0,
      "manif_adh_max": 0.00011738541070371866
    },
    {
      "z_e": 0.2,
      "e_p_mean": 25.05298614501953,
      "e_p_max": 75.56230163574219,
      "e_R_mean": 2.104215621948242,
      "e_R_max": 3.123213291168213,
      "succ_rate": 0.0,
      "manif_adh_max": 0.0001952314778463915
    }
  ]
}