{
  "per_z": [
    {
      "pos_err_mean_cm": 7.851040363311768,
      "pos_err_median_cm": 1.7096081748604774,
      "pos_err_std_cm": 28.0756413936615,
      "pos_err_max_cm": 218.37656497955322,
      "rot_err_mean_deg": 10.700044580147745,
      "rot_err_median_deg": 2.7200361789324834,
      "rot_err_std_deg": 29.11458975233896,
      "rot_err_max_deg": 159.81589442659822,
      "pos_succ_5cm": 0.78125,
      "pos_succ_2cm": 0.546875,
      "rot_succ_5deg": 0.75,
      "rot_succ_10deg": 0.859375,
      "pose_succ_5cm_5deg": 0.734375,
      "pose_succ_5cm_10deg": 0.78125,
      "pose_succ_2cm_5deg": 0.53125,
      "manif_pos_max_mm": 0.0,
      "manif_pos_mean_mm": 0.0,
      "manif_rot_max_deg": 0.003460394614057295,
      "manif_rot_mean_deg": 5.122056451892675e-06,
      "manif_pose_combined_max": 0.0006039527943357825,
      "quat_norm_mean": 1.6996636986732483e-08,
      "quat_norm_max": 1.1920928955078125e-07,
      "invalid_quat_rate": 0.0,
      "frac_A_gen": 0.21875,
      "frac_A_demo": 0.21875,
      "mode_frac_err": 0.0,
      "mode_collapse": 0.0,
      "frac_between": 0.0,
      "mode_joint_idx": 5,
      "mode_threshold": 2.45,
      "W1_q": 0.06683439016342163,
      "E_vel": 0.3875175714492798,
      "E_acc": 1.101318597793579,
      "E_vel_u": 46.47752380371094,
      "E_acc_u": 135.7415008544922,
      "E_p_dot": 0.024353694170713425,
      "E_omega": 0.09254088997840881,
      "joint_viol_rate": 0.0,
      "e_jl": 0.0,
      "joint_margin_min": 0.0,
      "u_inf_p50": 0.5442317128181458,
      "u_inf_p90": 3.4962174892425537,
      "u_inf_p99": 59.54864501953125,
      "z_e": 0.05
    },
    {
      "pos_err_mean_cm": 10.18683835864067,
      "pos_err_median_cm": 1.5201515518128872,
      "pos_err_std_cm": 33.19903016090393,
      "pos_err_max_cm": 245.7066774368286,
      "rot_err_mean_deg": 12.49776915271532,
      "rot_err_median_deg": 2.4781941214611414,
      "rot_err_std_deg": 30.935832373766182,
      "rot_err_max_deg": 172.45488627814,
      "pos_succ_5cm": 0.765625,
      "pos_succ_2cm": 0.609375,
      "rot_succ_5deg": 0.640625,
      "rot_succ_10deg": 0.8125,
      "pose_succ_5cm_5deg": 0.640625,
      "pose_succ_5cm_10deg": 0.75,
      "pose_succ_2cm_5deg": 0.59375,
      "manif_pos_max_mm": 0.0,
      "manif_pos_mean_mm": 0.0,
      "manif_rot_max_deg": 0.006066843826617754,
      "manif_rot_mean_deg": 1.1646028941616605e-05,
      "manif_pose_combined_max": 0.001058864057995379,
      "quat_norm_mean": 1.816079020500183e-08,
      "quat_norm_max": 1.1920928955078125e-07,
      "invalid_quat_rate": 0.0,
      "frac_A_gen": 0.265625,
      "frac_A_demo": 0.265625,
      "mode_frac_err": 0.0,
      "mode_collapse": 0.0,
      "frac_between": 0.0,
      "mode_joint_idx": 5,
      "mode_threshold": 2.45,
      "W1_q": 0.07413312792778015,
      "E_vel": 0.5131350755691528,
      "E_acc": 1.3708584308624268,
      "E_vel_u": 8.008455276489258,
      "E_acc_u": 22.140087127685547,
      "E_p_dot": 0.03826325386762619,
      "E_omega": 0.1600036323070526,
      "joint_viol_rate": 0.0,
      "e_jl": 0.0,
      "joint_margin_min": 0.0,
      "u_inf_p50": 0.477370023727417,
      "u_inf_p90": 3.5914478302001953,
      "u_inf_p99": 37.447933197021484,
      "z_e": 0.1
    },
    {
      "pos_err_mean_cm": 18.823814392089844,
      "pos_err_median_cm": 1.9320925697684288,
      "pos_err_std_cm": 54.14373278617859,
      "pos_err_max_cm": 273.5638380050659,
      "rot_err_mean_deg": 16.626179666333854,
      "rot_err_median_deg": 2.703902631782679,
      "rot_err_std_deg": 40.749434512862166,
      "rot_err_max_deg": 179.5363444473392,
      "pos_succ_5cm": 0.734375,
      "pos_succ_2cm": 0.5,
      "rot_succ_5deg": 0.65625,
      "rot_succ_10deg": 0.84375,
      "pose_succ_5cm_5deg": 0.640625,
      "pose_succ_5cm_10deg": 0.734375,
      "pose_succ_2cm_5deg": 0.484375,
      "manif_pos_max_mm": 0.0,
      "manif_pos_mean_mm": 0.0,
      "manif_rot_max_deg": 1.366463183574543e-05,
      "manif_rot_mean_deg": 2.207540787065311e-08,
      "manif_pose_combined_max": 2.384928166065947e-06,
      "quat_norm_mean": 1.885928213596344e-08,
      "quat_norm_max": 1.1920928955078125e-07,
      "invalid_quat_rate": 0.0,
      "frac_A_gen": 0.3125,
      "frac_A_demo": 0.296875,
      "mode_frac_err": 0.015625,
      "mode_collapse": 0.0,
      "frac_between": 0.0,
      "mode_joint_idx": 5,
      "mode_threshold": 2.45,
      "W1_q": 0.1384962499141693,
      "E_vel": 0.42549270391464233,
      "E_acc": 1.2458033561706543,
      "E_vel_u": 56.098262786865234,
      "E_acc_u": 166.574462890625,
      "E_p_dot": 0.039043325930833817,
      "E_omega": 0.14516960084438324,
      "joint_viol_rate": 0.0,
      "e_jl": 0.0,
      "joint_margin_min": 0.0,
      "u_inf_p50": 0.3858812153339386,
      "u_inf_p90": 3.5874030590057373,
      "u_inf_p99": 66.26940155029297,
      "z_e": 0.15
    },
    {
      "pos_err_mean_cm": 18.43564510345459,
      "pos_err_median_cm": 3.3158566802740097,
      "pos_err_std_cm": 49.4244784116745,
      "pos_err_max_cm": 272.98107147216797,
      "rot_err_mean_deg": 17.808536638081836,
      "rot_err_median_deg": 3.641432113061789,
      "rot_err_std_deg": 37.88564889199712,
      "rot_err_max_deg": 176.5889812166953,
      "pos_succ_5cm": 0.671875,
      "pos_succ_2cm": 0.21875,
      "rot_succ_5deg": 0.640625,
      "rot_succ_10deg": 0.765625,
      "pose_succ_5cm_5deg": 0.609375,
      "pose_succ_5cm_10deg": 0.65625,
      "pose_succ_2cm_5deg": 0.21875,
      "manif_pos_max_mm": 0.0,
      "manif_pos_mean_mm": 0.0,
      "manif_rot_max_deg": 0.0017400386324520174,
      "manif_rot_mean_deg": 2.7898718323880072e-06,
      "manif_pose_combined_max": 0.0003036940470337868,
      "quat_norm_mean": 1.9266735762357712e-08,
      "quat_norm_max": 1.1920928955078125e-07,
      "invalid_quat_rate": 0.0,
      "frac_A_gen": 0.34375,
      "frac_A_demo": 0.34375,
      "mode_frac_err": 0.0,
      "mode_collapse": 0.0,
      "frac_between": 0.0,
      "mode_joint_idx": 5,
      "mode_threshold": 2.45,
      "W1_q": 0.16705048084259033,
      "E_vel": 0.6016766428947449,
      "E_acc": 1.5781886577606201,
      "E_vel_u": 4.439874649047852,
      "E_acc_u": 12.04135513305664,
      "E_p_dot": 0.06109636276960373,
      "E_omega": 0.20379233360290527,
      "joint_viol_rate": 0.0,
      "e_jl": 0.0,
      "joint_margin_min": 0.0,
      "u_inf_p50": 0.33107852935791016,
      "u_inf_p90": 3.66145396232605,
      "u_inf_p99": 24.139741897583008,
      "z_e": 0.2
    }
  ],
  "args": {
    "ckpt": "outputs/tier2_dp_bounded/ckpt.pt",
    "n_eval_per_z": 64,
    "z_list": [
      0.05,
      0.1,
      0.15,
      0.2
    ],
    "success_pos": 0.05,
    "success_rot": 0.0873,
    "n_inference_steps": 100,
    "use_ema": true,
    "seed": 0
  },
  "ckpt": "outputs/tier2_dp_bounded/ckpt.pt",
  "baseline": "dp_official",
  "cond_injection": "channel"
}