{
  "per_z": [
    {
      "pos_err_mean_cm": 6.303934752941132,
      "pos_err_median_cm": 4.924286529421806,
      "pos_err_std_cm": 5.759712308645248,
      "pos_err_max_cm": 25.936806201934814,
      "rot_err_mean_deg": 9.812277082396998,
      "rot_err_median_deg": 5.621876625645074,
      "rot_err_std_deg": 10.751332470625371,
      "rot_err_max_deg": 55.46319194744371,
      "pos_succ_5cm": 0.5,
      "pos_succ_2cm": 0.15625,
      "rot_succ_5deg": 0.453125,
      "rot_succ_10deg": 0.703125,
      "pose_succ_5cm_5deg": 0.359375,
      "pose_succ_5cm_10deg": 0.46875,
      "pose_succ_2cm_5deg": 0.125,
      "manif_pos_max_mm": 0.0,
      "manif_pos_mean_mm": 0.0,
      "manif_rot_max_deg": 0.001739557759453506,
      "manif_rot_mean_deg": 1.8521999371936465e-06,
      "manif_pose_combined_max": 0.00030361011158674955,
      "quat_norm_mean": 1.8102582544088364e-08,
      "quat_norm_max": 1.1920928955078125e-07,
      "invalid_quat_rate": 0.0,
      "frac_A_gen": 0.21875,
      "frac_A_demo": 0.21875,
      "mode_frac_err": 0.0,
      "mode_collapse": 0.0,
      "frac_between": 0.0,
      "mode_joint_idx": 5,
      "mode_threshold": 2.45,
      "W1_q": 0.17490394413471222,
      "E_vel": 1.4914790391921997,
      "E_acc": 4.288259029388428,
      "E_vel_u": 0.6326337456703186,
      "E_acc_u": 1.8373805284500122,
      "E_p_dot": 0.0006362326676025987,
      "E_omega": 0.005763244815170765,
      "joint_viol_rate": 0.0,
      "e_jl": 0.0,
      "joint_margin_min": 7.874699804233387e-06,
      "u_inf_p50": 0.5198991894721985,
      "u_inf_p90": 3.8631153106689453,
      "u_inf_p99": 5.0541205406188965,
      "z_e": 0.05
    },
    {
      "pos_err_mean_cm": 7.776419073343277,
      "pos_err_median_cm": 4.536820948123932,
      "pos_err_std_cm": 10.739830881357193,
      "pos_err_max_cm": 72.67972826957703,
      "rot_err_mean_deg": 9.721636203242698,
      "rot_err_median_deg": 5.777333438701857,
      "rot_err_std_deg": 10.917170317446928,
      "rot_err_max_deg": 61.84882459494784,
      "pos_succ_5cm": 0.5625,
      "pos_succ_2cm": 0.109375,
      "rot_succ_5deg": 0.40625,
      "rot_succ_10deg": 0.703125,
      "pose_succ_5cm_5deg": 0.359375,
      "pose_succ_5cm_10deg": 0.5625,
      "pose_succ_2cm_5deg": 0.078125,
      "manif_pos_max_mm": 0.0,
      "manif_pos_mean_mm": 0.0,
      "manif_rot_max_deg": 0.00927883116401883,
      "manif_rot_mean_deg": 1.1643329795691728e-05,
      "manif_pose_combined_max": 0.0016194615745916963,
      "quat_norm_mean": 2.019805833697319e-08,
      "quat_norm_max": 1.1920928955078125e-07,
      "invalid_quat_rate": 0.0,
      "frac_A_gen": 0.265625,
      "frac_A_demo": 0.265625,
      "mode_frac_err": 0.0,
      "mode_collapse": 0.0,
      "frac_between": 0.0,
      "mode_joint_idx": 5,
      "mode_threshold": 2.45,
      "W1_q": 0.17672008275985718,
      "E_vel": 1.5467268228530884,
      "E_acc": 4.474427223205566,
      "E_vel_u": 0.844109058380127,
      "E_acc_u": 2.438751220703125,
      "E_p_dot": 0.0009593366412445903,
      "E_omega": 0.0052794539369642735,
      "joint_viol_rate": 0.0,
      "e_jl": 0.0,
      "joint_margin_min": 9.160365152638406e-06,
      "u_inf_p50": 0.45983245968818665,
      "u_inf_p90": 4.12237024307251,
      "u_inf_p99": 5.1235151290893555,
      "z_e": 0.1
    },
    {
      "pos_err_mean_cm": 6.8788498640060425,
      "pos_err_median_cm": 4.273940995335579,
      "pos_err_std_cm": 6.756288558244705,
      "pos_err_max_cm": 37.21280097961426,
      "rot_err_mean_deg": 9.582208136620642,
      "rot_err_median_deg": 5.768898155076891,
      "rot_err_std_deg": 9.435406880789559,
      "rot_err_max_deg": 46.377520634236426,
      "pos_succ_5cm": 0.640625,
      "pos_succ_2cm": 0.125,
      "rot_succ_5deg": 0.421875,
      "rot_succ_10deg": 0.671875,
      "pose_succ_5cm_5deg": 0.375,
      "pose_succ_5cm_10deg": 0.5625,
      "pose_succ_2cm_5deg": 0.078125,
      "manif_pos_max_mm": 0.0,
      "manif_pos_mean_mm": 0.0,
      "manif_rot_max_deg": 0.0067246055511718614,
      "manif_rot_mean_deg": 1.0015718747886825e-05,
      "manif_pose_combined_max": 0.0011736650485545397,
      "quat_norm_mean": 1.973239704966545e-08,
      "quat_norm_max": 1.1920928955078125e-07,
      "invalid_quat_rate": 0.0,
      "frac_A_gen": 0.296875,
      "frac_A_demo": 0.296875,
      "mode_frac_err": 0.0,
      "mode_collapse": 0.0,
      "frac_between": 0.0,
      "mode_joint_idx": 5,
      "mode_threshold": 2.45,
      "W1_q": 0.15445004403591156,
      "E_vel": 1.2069532871246338,
      "E_acc": 3.500063896179199,
      "E_vel_u": 0.7444813847541809,
      "E_acc_u": 2.206610679626465,
      "E_p_dot": 0.0013805223861709237,
      "E_omega": 0.008918234147131443,
      "joint_viol_rate": 0.0,
      "e_jl": 0.0,
      "joint_margin_min": 1.3394728739513084e-05,
      "u_inf_p50": 0.39527198672294617,
      "u_inf_p90": 3.9989755153656006,
      "u_inf_p99": 4.9699015617370605,
      "z_e": 0.15
    },
    {
      "pos_err_mean_cm": 8.098910003900528,
      "pos_err_median_cm": 4.744984209537506,
      "pos_err_std_cm": 11.955513060092926,
      "pos_err_max_cm": 92.97115802764893,
      "rot_err_mean_deg": 10.810897696603407,
      "rot_err_median_deg": 5.98575452679068,
      "rot_err_std_deg": 12.090076014930904,
      "rot_err_max_deg": 73.48426358192883,
      "pos_succ_5cm": 0.53125,
      "pos_succ_2cm": 0.0625,
      "rot_succ_5deg": 0.390625,
      "rot_succ_10deg": 0.6875,
      "pose_succ_5cm_5deg": 0.328125,
      "pose_succ_5cm_10deg": 0.484375,
      "pose_succ_2cm_5deg": 0.0625,
      "manif_pos_max_mm": 0.0,
      "manif_pos_mean_mm": 0.0,
      "manif_rot_max_deg": 0.0017351481936609152,
      "manif_rot_mean_deg": 4.5663189975114275e-06,
      "manif_pose_combined_max": 0.0003028404898941517,
      "quat_norm_mean": 1.8568243831396103e-08,
      "quat_norm_max": 1.1920928955078125e-07,
      "invalid_quat_rate": 0.0,
      "frac_A_gen": 0.34375,
      "frac_A_demo": 0.34375,
      "mode_frac_err": 0.0,
      "mode_collapse": 0.0,
      "frac_between": 0.0,
      "mode_joint_idx": 5,
      "mode_threshold": 2.45,
      "W1_q": 0.1418878436088562,
      "E_vel": 1.0697447061538696,
      "E_acc": 3.1287271976470947,
      "E_vel_u": 0.6092467308044434,
      "E_acc_u": 1.7803544998168945,
      "E_p_dot": 0.0009703123942017555,
      "E_omega": 0.0049085067585110664,
      "joint_viol_rate": 0.0,
      "e_jl": 0.0,
      "joint_margin_min": 1.4988436305429786e-05,
      "u_inf_p50": 0.3803139328956604,
      "u_inf_p90": 3.95680832862854,
      "u_inf_p99": 4.7862725257873535,
      "z_e": 0.2
    }
  ],
  "args": {
    "ckpt": "outputs/tier2_ours_v41/ours_v2_pose.pt",
    "n_eval_per_z": 64,
    "z_list": [
      0.05,
      0.1,
      0.15,
      0.2
    ],
    "out_name": "eval_metrics.json",
    "seed": 0
  },
  "source_ckpt": "outputs/tier2_ours_v41/ours_v2_pose.pt",
  "method_a": true,
  "config": {
    "sigma_p": 0.05,
    "tikhonov_frac": 0.01,
    "confining_kappa": 0.0,
    "forward_langevin_drift": false,
    "limiting_scale": null,
    "proxy_std_mode": null
  }
}