{
  "per_z": [
    {
      "pos_err_mean_cm": 6.224118173122406,
      "pos_err_median_cm": 4.724707454442978,
      "pos_err_std_cm": 5.678300932049751,
      "pos_err_max_cm": 26.100841164588928,
      "rot_err_mean_deg": 9.810550752084277,
      "rot_err_median_deg": 5.753280500652834,
      "rot_err_std_deg": 10.647223312201453,
      "rot_err_max_deg": 56.378843692481034,
      "pos_succ_5cm": 0.578125,
      "pos_succ_2cm": 0.15625,
      "rot_succ_5deg": 0.4375,
      "rot_succ_10deg": 0.703125,
      "pose_succ_5cm_5deg": 0.359375,
      "pose_succ_5cm_10deg": 0.546875,
      "pose_succ_2cm_5deg": 0.125,
      "manif_pos_max_mm": 0.0,
      "manif_pos_mean_mm": 0.0,
      "manif_rot_max_deg": 0.0034634165892338956,
      "manif_rot_mean_deg": 9.144503652206335e-06,
      "manif_pose_combined_max": 0.0006044802139513195,
      "quat_norm_mean": 1.9208528101444244e-08,
      "quat_norm_max": 1.1920928955078125e-07,
      "invalid_quat_rate": 0.0,
      "frac_A_gen": 0.21875,
      "frac_A_demo": 0.21875,
      "mode_frac_err": 0.0,
      "mode_collapse": 0.0,
      "frac_between": 0.0,
      "mode_joint_idx": 5,
      "mode_threshold": 2.45,
      "W1_q": 0.17500756680965424,
      "E_vel": 1.4848257303237915,
      "E_acc": 4.269398212432861,
      "E_vel_u": 0.6255902647972107,
      "E_acc_u": 1.8152005672454834,
      "E_p_dot": 0.000611618219409138,
      "E_omega": 0.005659795831888914,
      "joint_viol_rate": 0.0,
      "e_jl": 0.0,
      "joint_margin_min": 7.794345947331749e-06,
      "u_inf_p50": 0.5225502848625183,
      "u_inf_p90": 3.8614726066589355,
      "u_inf_p99": 5.10762882232666,
      "z_e": 0.05
    },
    {
      "pos_err_mean_cm": 7.747730612754822,
      "pos_err_median_cm": 4.516896232962608,
      "pos_err_std_cm": 10.73342189192772,
      "pos_err_max_cm": 73.05994629859924,
      "rot_err_mean_deg": 9.727191708358857,
      "rot_err_median_deg": 5.803972457125376,
      "rot_err_std_deg": 10.857535935803545,
      "rot_err_max_deg": 60.96207479538343,
      "pos_succ_5cm": 0.5625,
      "pos_succ_2cm": 0.15625,
      "rot_succ_5deg": 0.40625,
      "rot_succ_10deg": 0.71875,
      "pose_succ_5cm_5deg": 0.359375,
      "pose_succ_5cm_10deg": 0.5625,
      "pose_succ_2cm_5deg": 0.125,
      "manif_pos_max_mm": 0.0,
      "manif_pos_mean_mm": 0.0,
      "manif_rot_max_deg": 0.0034472440819913737,
      "manif_rot_mean_deg": 1.007605585486031e-05,
      "manif_pose_combined_max": 0.0006016576080583036,
      "quat_norm_mean": 1.7113052308559418e-08,
      "quat_norm_max": 1.1920928955078125e-07,
      "invalid_quat_rate": 0.0,
      "frac_A_gen": 0.265625,
      "frac_A_demo": 0.265625,
      "mode_frac_err": 0.0,
      "mode_collapse": 0.0,
      "frac_between": 0.0,
      "mode_joint_idx": 5,
      "mode_threshold": 2.45,
      "W1_q": 0.17675864696502686,
      "E_vel": 1.5422544479370117,
      "E_acc": 4.4610419273376465,
      "E_vel_u": 0.8411303758621216,
      "E_acc_u": 2.4304587841033936,
      "E_p_dot": 0.0009379693656228483,
      "E_omega": 0.005307890474796295,
      "joint_viol_rate": 0.0,
      "e_jl": 0.0,
      "joint_margin_min": 9.039833457791246e-06,
      "u_inf_p50": 0.4612106680870056,
      "u_inf_p90": 4.113564491271973,
      "u_inf_p99": 5.134402751922607,
      "z_e": 0.1
    },
    {
      "pos_err_mean_cm": 6.839876621961594,
      "pos_err_median_cm": 4.288121685385704,
      "pos_err_std_cm": 6.692889332771301,
      "pos_err_max_cm": 36.033082008361816,
      "rot_err_mean_deg": 9.66399623683696,
      "rot_err_median_deg": 5.984043991290415,
      "rot_err_std_deg": 9.386899731077774,
      "rot_err_max_deg": 46.41835833528393,
      "pos_succ_5cm": 0.640625,
      "pos_succ_2cm": 0.140625,
      "rot_succ_5deg": 0.4375,
      "rot_succ_10deg": 0.6875,
      "pose_succ_5cm_5deg": 0.390625,
      "pose_succ_5cm_10deg": 0.5625,
      "pose_succ_2cm_5deg": 0.09375,
      "manif_pos_max_mm": 0.0,
      "manif_pos_mean_mm": 0.0,
      "manif_rot_max_deg": 0.0008734878237741136,
      "manif_rot_mean_deg": 1.8998091258872875e-06,
      "manif_pose_combined_max": 0.00015245238319039345,
      "quat_norm_mean": 1.7462298274040222e-08,
      "quat_norm_max": 1.1920928955078125e-07,
      "invalid_quat_rate": 0.0,
      "frac_A_gen": 0.296875,
      "frac_A_demo": 0.296875,
      "mode_frac_err": 0.0,
      "mode_collapse": 0.0,
      "frac_between": 0.0,
      "mode_joint_idx": 5,
      "mode_threshold": 2.45,
      "W1_q": 0.1541997194290161,
      "E_vel": 1.1903966665267944,
      "E_acc": 3.438793420791626,
      "E_vel_u": 0.7393417954444885,
      "E_acc_u": 2.190707206726074,
      "E_p_dot": 0.0013103395467624068,
      "E_omega": 0.008151359856128693,
      "joint_viol_rate": 0.0,
      "e_jl": 0.0,
      "joint_margin_min": 1.3774182662018575e-05,
      "u_inf_p50": 0.3967517018318176,
      "u_inf_p90": 3.9869182109832764,
      "u_inf_p99": 4.971540927886963,
      "z_e": 0.15
    },
    {
      "pos_err_mean_cm": 8.145757019519806,
      "pos_err_median_cm": 4.705701768398285,
      "pos_err_std_cm": 11.932596564292908,
      "pos_err_max_cm": 92.43627190589905,
      "rot_err_mean_deg": 10.91819228450149,
      "rot_err_median_deg": 6.2774006161424625,
      "rot_err_std_deg": 12.031035859745314,
      "rot_err_max_deg": 72.56929144071393,
      "pos_succ_5cm": 0.5625,
      "pos_succ_2cm": 0.078125,
      "rot_succ_5deg": 0.375,
      "rot_succ_10deg": 0.6875,
      "pose_succ_5cm_5deg": 0.3125,
      "pose_succ_5cm_10deg": 0.515625,
      "pose_succ_2cm_5deg": 0.078125,
      "manif_pos_max_mm": 0.0,
      "manif_pos_mean_mm": 0.0,
      "manif_rot_max_deg": 0.0017440536197503812,
      "manif_rot_mean_deg": 3.821787888348499e-06,
      "manif_pose_combined_max": 0.00030439477995969355,
      "quat_norm_mean": 1.8277205526828766e-08,
      "quat_norm_max": 1.1920928955078125e-07,
      "invalid_quat_rate": 0.0,
      "frac_A_gen": 0.34375,
      "frac_A_demo": 0.34375,
      "mode_frac_err": 0.0,
      "mode_collapse": 0.0,
      "frac_between": 0.0,
      "mode_joint_idx": 5,
      "mode_threshold": 2.45,
      "W1_q": 0.1423625648021698,
      "E_vel": 1.0592412948608398,
      "E_acc": 3.0835461616516113,
      "E_vel_u": 0.6068685054779053,
      "E_acc_u": 1.7730112075805664,
      "E_p_dot": 0.0009871094953268766,
      "E_omega": 0.004817147273570299,
      "joint_viol_rate": 0.0,
      "e_jl": 0.0,
      "joint_margin_min": 1.5481726222787984e-05,
      "u_inf_p50": 0.3806072771549225,
      "u_inf_p90": 3.958463430404663,
      "u_inf_p99": 4.778354644775391,
      "z_e": 0.2
    }
  ],
  "args": {
    "ckpt": "outputs/tier2_ours_v41_lf1e3/ours_v2_pose.pt",
    "n_eval_per_z": 64,
    "z_list": [
      0.05,
      0.1,
      0.15,
      0.2
    ],
    "out_name": "eval_metrics.json",
    "seed": 0
  },
  "source_ckpt": "outputs/tier2_ours_v41_lf1e3/ours_v2_pose.pt",
  "method_a": true,
  "config": {
    "sigma_p": 0.05,
    "tikhonov_frac": 0.01,
    "confining_kappa": 0.0,
    "forward_langevin_drift": false,
    "limiting_scale": null,
    "proxy_std_mode": null
  }
}