{
  "per_z": [
    {
      "pos_err_mean_cm": 9.36390906572342,
      "pos_err_median_cm": 1.53754074126482,
      "pos_err_std_cm": 22.343769669532776,
      "pos_err_max_cm": 99.57128167152405,
      "rot_err_mean_deg": 12.308440577790797,
      "rot_err_median_deg": 1.9144493038319181,
      "rot_err_std_deg": 29.567185407500688,
      "rot_err_max_deg": 128.76772593155283,
      "pos_succ_5cm": 0.828125,
      "pos_succ_2cm": 0.625,
      "rot_succ_5deg": 0.78125,
      "rot_succ_10deg": 0.859375,
      "pose_succ_5cm_5deg": 0.78125,
      "pose_succ_5cm_10deg": 0.828125,
      "pose_succ_2cm_5deg": 0.609375,
      "manif_pos_max_mm": 0.0,
      "manif_pos_mean_mm": 0.0,
      "manif_rot_max_deg": 0.001740536284937473,
      "manif_rot_mean_deg": 4.693309945722407e-06,
      "manif_pose_combined_max": 0.00030378089286386967,
      "quat_norm_mean": 1.705484464764595e-08,
      "quat_norm_max": 1.1920928955078125e-07,
      "invalid_quat_rate": 0.0,
      "frac_A_gen": 0.234375,
      "frac_A_demo": 0.21875,
      "mode_frac_err": 0.015625,
      "mode_collapse": 0.0,
      "frac_between": 0.0,
      "mode_joint_idx": 5,
      "mode_threshold": 2.45,
      "W1_q": 0.32152891159057617,
      "E_vel": 8.67637825012207,
      "E_acc": 24.78845977783203,
      "E_p_dot": 0.012197038158774376,
      "E_omega": 0.09913219511508942,
      "joint_viol_rate": 0.265625,
      "e_jl": 32.346614837646484,
      "joint_margin_min": -6.862476348876953,
      "z_e": 0.05
    },
    {
      "pos_err_mean_cm": 5.933549255132675,
      "pos_err_median_cm": 1.24422125518322,
      "pos_err_std_cm": 13.804778456687927,
      "pos_err_max_cm": 82.29469060897827,
      "rot_err_mean_deg": 8.636661507359818,
      "rot_err_median_deg": 1.9079262597311444,
      "rot_err_std_deg": 18.998519516038137,
      "rot_err_max_deg": 112.37843430110794,
      "pos_succ_5cm": 0.8125,
      "pos_succ_2cm": 0.671875,
      "rot_succ_5deg": 0.78125,
      "rot_succ_10deg": 0.828125,
      "pose_succ_5cm_5deg": 0.765625,
      "pose_succ_5cm_10deg": 0.796875,
      "pose_succ_2cm_5deg": 0.65625,
      "manif_pos_max_mm": 0.0,
      "manif_pos_mean_mm": 0.0,
      "manif_rot_max_deg": 0.0017400618736047413,
      "manif_rot_mean_deg": 2.634346474241184e-06,
      "manif_pose_combined_max": 0.00030369809246622026,
      "quat_norm_mean": 1.8684659153223038e-08,
      "quat_norm_max": 1.1920928955078125e-07,
      "invalid_quat_rate": 0.0,
      "frac_A_gen": 0.265625,
      "frac_A_demo": 0.265625,
      "mode_frac_err": 0.0,
      "mode_collapse": 0.0,
      "frac_between": 0.0,
      "mode_joint_idx": 5,
      "mode_threshold": 2.45,
      "W1_q": 0.09880650043487549,
      "E_vel": 0.02360832504928112,
      "E_acc": 0.06280148029327393,
      "E_p_dot": 0.00288307829760015,
      "E_omega": 0.02942308411002159,
      "joint_viol_rate": 0.3125,
      "e_jl": 0.5673021078109741,
      "joint_margin_min": -0.9175506830215454,
      "z_e": 0.1
    },
    {
      "pos_err_mean_cm": 9.085305780172348,
      "pos_err_median_cm": 1.373806782066822,
      "pos_err_std_cm": 25.064486265182495,
      "pos_err_max_cm": 136.50031089782715,
      "rot_err_mean_deg": 12.030462123855033,
      "rot_err_median_deg": 1.7804101497432971,
      "rot_err_std_deg": 33.04157286469194,
      "rot_err_max_deg": 157.4956245240315,
      "pos_succ_5cm": 0.796875,
      "pos_succ_2cm": 0.640625,
      "rot_succ_5deg": 0.828125,
      "rot_succ_10deg": 0.875,
      "pose_succ_5cm_5deg": 0.796875,
      "pose_succ_5cm_10deg": 0.796875,
      "pose_succ_2cm_5deg": 0.640625,
      "manif_pos_max_mm": 0.0,
      "manif_pos_mean_mm": 0.0,
      "manif_rot_max_deg": 0.001718010709588481,
      "manif_rot_mean_deg": 2.4216997789037734e-06,
      "manif_pose_combined_max": 0.00029984943103045225,
      "quat_norm_mean": 1.8044374883174896e-08,
      "quat_norm_max": 1.1920928955078125e-07,
      "invalid_quat_rate": 0.0,
      "frac_A_gen": 0.28125,
      "frac_A_demo": 0.296875,
      "mode_frac_err": 0.015625,
      "mode_collapse": 0.0,
      "frac_between": 0.0,
      "mode_joint_idx": 5,
      "mode_threshold": 2.45,
      "W1_q": 0.7858015298843384,
      "E_vel": 61.74777603149414,
      "E_acc": 184.66439819335938,
      "E_p_dot": 0.025890948250889778,
      "E_omega": 0.18195337057113647,
      "joint_viol_rate": 0.265625,
      "e_jl": 210.74050903320312,
      "joint_margin_min": -18.685001373291016,
      "z_e": 0.15
    },
    {
      "pos_err_mean_cm": 10.84652692079544,
      "pos_err_median_cm": 2.1464241668581963,
      "pos_err_std_cm": 29.695037007331848,
      "pos_err_max_cm": 168.43732595443726,
      "rot_err_mean_deg": 15.169498391856065,
      "rot_err_median_deg": 2.2312411614999257,
      "rot_err_std_deg": 39.87119854409817,
      "rot_err_max_deg": 176.87261165216924,
      "pos_succ_5cm": 0.71875,
      "pos_succ_2cm": 0.4375,
      "rot_succ_5deg": 0.703125,
      "rot_succ_10deg": 0.859375,
      "pose_succ_5cm_5deg": 0.65625,
      "pose_succ_5cm_10deg": 0.71875,
      "pose_succ_2cm_5deg": 0.421875,
      "manif_pos_max_mm": 0.0,
      "manif_pos_mean_mm": 0.0,
      "manif_rot_max_deg": 0.002995198242050095,
      "manif_rot_mean_deg": 3.091790641857985e-06,
      "manif_pose_combined_max": 0.0005227606743574142,
      "quat_norm_mean": 1.9615981727838516e-08,
      "quat_norm_max": 1.1920928955078125e-07,
      "invalid_quat_rate": 0.0,
      "frac_A_gen": 0.34375,
      "frac_A_demo": 0.34375,
      "mode_frac_err": 0.0,
      "mode_collapse": 0.0,
      "frac_between": 0.0,
      "mode_joint_idx": 5,
      "mode_threshold": 2.45,
      "W1_q": 0.17743399739265442,
      "E_vel": 0.1665806770324707,
      "E_acc": 0.43268802762031555,
      "E_p_dot": 0.00897754542529583,
      "E_omega": 0.09182626008987427,
      "joint_viol_rate": 0.140625,
      "e_jl": 1.383256435394287,
      "joint_margin_min": -1.5304149389266968,
      "z_e": 0.2
    }
  ],
  "args": {
    "ckpt": "outputs/tier2_dp_raw/ckpt.pt",
    "n_eval_per_z": 64,
    "z_list": [
      0.05,
      0.1,
      0.15,
      0.2
    ],
    "success_pos": 0.05,
    "success_rot": 0.0873,
    "n_inference_steps": 100,
    "use_ema": true,
    "seed": 0
  },
  "ckpt": "outputs/tier2_dp_raw/ckpt.pt",
  "baseline": "dp_official",
  "cond_injection": "channel"
}