{
  "per_z": [
    {
      "pos_err_mean_cm": 4.448030889034271,
      "pos_err_median_cm": 2.97593604773283,
      "pos_err_std_cm": 4.452518746256828,
      "pos_err_max_cm": 26.650133728981018,
      "rot_err_mean_deg": 6.765774082837184,
      "rot_err_median_deg": 2.9462844876418632,
      "rot_err_std_deg": 9.376566508637191,
      "rot_err_max_deg": 48.13277338299757,
      "pos_succ_5cm": 0.734375,
      "pos_succ_2cm": 0.296875,
      "rot_succ_5deg": 0.6875,
      "rot_succ_10deg": 0.828125,
      "pose_succ_5cm_5deg": 0.65625,
      "pose_succ_5cm_10deg": 0.71875,
      "pose_succ_2cm_5deg": 0.296875,
      "manif_pos_max_mm": 0.0,
      "manif_pos_mean_mm": 0.0,
      "manif_rot_max_deg": 0.001925854462430743,
      "manif_rot_mean_deg": 3.7801477611255285e-06,
      "manif_pose_combined_max": 0.0003361250273883343,
      "quat_norm_mean": 1.635635271668434e-08,
      "quat_norm_max": 1.1920928955078125e-07,
      "invalid_quat_rate": 0.0,
      "frac_A_gen": 0.21875,
      "frac_A_demo": 0.21875,
      "mode_frac_err": 0.0,
      "mode_collapse": 0.0,
      "frac_between": 0.0,
      "mode_joint_idx": 5,
      "mode_threshold": 2.45,
      "W1_q": 0.04533710330724716,
      "E_vel": 0.07170356810092926,
      "E_acc": 0.2104666382074356,
      "E_p_dot": 0.0009163537179119885,
      "E_omega": 0.0034999249037355185,
      "joint_viol_rate": 0.28125,
      "e_jl": 0.003661906346678734,
      "joint_margin_min": -0.1665811389684677,
      "z_e": 0.05
    },
    {
      "pos_err_mean_cm": 6.05851374566555,
      "pos_err_median_cm": 2.8499173000454903,
      "pos_err_std_cm": 10.15482172369957,
      "pos_err_max_cm": 74.63983297348022,
      "rot_err_mean_deg": 6.942696899794847,
      "rot_err_median_deg": 2.4442781768072086,
      "rot_err_std_deg": 9.592664302466286,
      "rot_err_max_deg": 47.713406598147955,
      "pos_succ_5cm": 0.6875,
      "pos_succ_2cm": 0.234375,
      "rot_succ_5deg": 0.671875,
      "rot_succ_10deg": 0.765625,
      "pose_succ_5cm_5deg": 0.640625,
      "pose_succ_5cm_10deg": 0.6875,
      "pose_succ_2cm_5deg": 0.203125,
      "manif_pos_max_mm": 0.0,
      "manif_pos_mean_mm": 0.0,
      "manif_rot_max_deg": 0.00043716946989988116,
      "manif_rot_mean_deg": 1.2863582931448266e-06,
      "manif_pose_combined_max": 7.630046457052231e-05,
      "quat_norm_mean": 1.996522769331932e-08,
      "quat_norm_max": 1.1920928955078125e-07,
      "invalid_quat_rate": 0.0,
      "frac_A_gen": 0.265625,
      "frac_A_demo": 0.265625,
      "mode_frac_err": 0.0,
      "mode_collapse": 0.0,
      "frac_between": 0.0,
      "mode_joint_idx": 5,
      "mode_threshold": 2.45,
      "W1_q": 0.051929354667663574,
      "E_vel": 0.16035643219947815,
      "E_acc": 0.5000211000442505,
      "E_p_dot": 0.0017211386002600193,
      "E_omega": 0.005653820000588894,
      "joint_viol_rate": 0.328125,
      "e_jl": 0.008750131353735924,
      "joint_margin_min": -0.1945772022008896,
      "z_e": 0.1
    },
    {
      "pos_err_mean_cm": 5.572660639882088,
      "pos_err_median_cm": 2.8668535873293877,
      "pos_err_std_cm": 6.011984869837761,
      "pos_err_max_cm": 25.481906533241272,
      "rot_err_mean_deg": 6.971453703747893,
      "rot_err_median_deg": 2.1118629017430313,
      "rot_err_std_deg": 9.650264995284296,
      "rot_err_max_deg": 52.22908029996975,
      "pos_succ_5cm": 0.71875,
      "pos_succ_2cm": 0.140625,
      "rot_succ_5deg": 0.640625,
      "rot_succ_10deg": 0.75,
      "pose_succ_5cm_5deg": 0.640625,
      "pose_succ_5cm_10deg": 0.703125,
      "pose_succ_2cm_5deg": 0.125,
      "manif_pos_max_mm": 0.0,
      "manif_pos_mean_mm": 0.0,
      "manif_rot_max_deg": 0.010512160556882148,
      "manif_rot_mean_deg": 1.3471754857641497e-05,
      "manif_pose_combined_max": 0.00183471804484725,
      "quat_norm_mean": 1.7345882952213287e-08,
      "quat_norm_max": 1.1920928955078125e-07,
      "invalid_quat_rate": 0.0,
      "frac_A_gen": 0.296875,
      "frac_A_demo": 0.296875,
      "mode_frac_err": 0.0,
      "mode_collapse": 0.0,
      "frac_between": 0.0,
      "mode_joint_idx": 5,
      "mode_threshold": 2.45,
      "W1_q": 0.05406028777360916,
      "E_vel": 0.15896372497081757,
      "E_acc": 0.4604097902774811,
      "E_p_dot": 0.0021611731499433517,
      "E_omega": 0.006807975471019745,
      "joint_viol_rate": 0.28125,
      "e_jl": 0.012238976545631886,
      "joint_margin_min": -0.26685208082199097,
      "z_e": 0.15
    },
    {
      "pos_err_mean_cm": 6.211386248469353,
      "pos_err_median_cm": 3.124378062784672,
      "pos_err_std_cm": 9.544739127159119,
      "pos_err_max_cm": 72.79382944107056,
      "rot_err_mean_deg": 7.36874873229461,
      "rot_err_median_deg": 2.3317736486762857,
      "rot_err_std_deg": 10.813086772232396,
      "rot_err_max_deg": 65.24124295190978,
      "pos_succ_5cm": 0.6875,
      "pos_succ_2cm": 0.09375,
      "rot_succ_5deg": 0.65625,
      "rot_succ_10deg": 0.765625,
      "pose_succ_5cm_5deg": 0.640625,
      "pose_succ_5cm_10deg": 0.65625,
      "pose_succ_2cm_5deg": 0.09375,
      "manif_pos_max_mm": 0.0,
      "manif_pos_mean_mm": 0.0,
      "manif_rot_max_deg": 0.00021851463369276162,
      "manif_rot_mean_deg": 4.6028529350265886e-07,
      "manif_pose_combined_max": 3.8137997762532905e-05,
      "quat_norm_mean": 1.7578713595867157e-08,
      "quat_norm_max": 1.1920928955078125e-07,
      "invalid_quat_rate": 0.0,
      "frac_A_gen": 0.34375,
      "frac_A_demo": 0.34375,
      "mode_frac_err": 0.0,
      "mode_collapse": 0.0,
      "frac_between": 0.0,
      "mode_joint_idx": 5,
      "mode_threshold": 2.45,
      "W1_q": 0.05435171723365784,
      "E_vel": 0.11799409240484238,
      "E_acc": 0.34982287883758545,
      "E_p_dot": 0.002573207952082157,
      "E_omega": 0.006407024338841438,
      "joint_viol_rate": 0.25,
      "e_jl": 0.00581118930131197,
      "joint_margin_min": -0.17003467679023743,
      "z_e": 0.2
    }
  ],
  "args": {
    "ckpt": "outputs/tier2_ours_v4/ours_v2_pose.pt",
    "n_eval_per_z": 64,
    "z_list": [
      0.05,
      0.1,
      0.15,
      0.2
    ],
    "out_name": "eval_metrics.json",
    "seed": 0
  },
  "source_ckpt": "outputs/tier2_ours_v4/ours_v2_pose.pt",
  "method_a": true,
  "config": {
    "sigma_p": 0.05,
    "tikhonov_frac": 0.0,
    "confining_kappa": 0.0,
    "forward_langevin_drift": false,
    "limiting_scale": null,
    "proxy_std_mode": null
  }
}