{
  "per_z": [
    {
      "pos_err_mean_cm": 3.852960467338562,
      "pos_err_median_cm": 2.0408809185028076,
      "pos_err_std_cm": 4.551670327782631,
      "pos_err_max_cm": 22.00707048177719,
      "rot_err_mean_deg": 6.199166348728667,
      "rot_err_median_deg": 2.8555584445663493,
      "rot_err_std_deg": 9.255817301847827,
      "rot_err_max_deg": 48.15375572412785,
      "pos_succ_5cm": 0.796875,
      "pos_succ_2cm": 0.46875,
      "rot_succ_5deg": 0.703125,
      "rot_succ_10deg": 0.8125,
      "pose_succ_5cm_5deg": 0.6875,
      "pose_succ_5cm_10deg": 0.75,
      "pose_succ_2cm_5deg": 0.453125,
      "manif_pos_max_mm": 0.0,
      "manif_pos_mean_mm": 0.0,
      "manif_rot_max_deg": 0.005681469245750962,
      "manif_rot_mean_deg": 1.0593828580119611e-05,
      "manif_pose_combined_max": 0.0009916034759953618,
      "quat_norm_mean": 1.7171259969472885e-08,
      "quat_norm_max": 1.1920928955078125e-07,
      "invalid_quat_rate": 0.0,
      "frac_A_gen": 0.21875,
      "frac_A_demo": 0.21875,
      "mode_frac_err": 0.0,
      "mode_collapse": 0.0,
      "frac_between": 0.0,
      "mode_joint_idx": 5,
      "mode_threshold": 2.45,
      "W1_q": 0.14847952127456665,
      "E_vel": 1.1734988689422607,
      "E_acc": 3.373354911804199,
      "E_vel_u": 0.5332906246185303,
      "E_acc_u": 1.5496660470962524,
      "E_p_dot": 0.0003037629940081388,
      "E_omega": 0.00289171258918941,
      "joint_viol_rate": 0.0,
      "e_jl": 0.0,
      "joint_margin_min": 7.472929155483143e-06,
      "u_inf_p50": 0.5392022728919983,
      "u_inf_p90": 3.8360531330108643,
      "u_inf_p99": 4.9492573738098145,
      "z_e": 0.05
    },
    {
      "pos_err_mean_cm": 5.203547328710556,
      "pos_err_median_cm": 2.0142223685979843,
      "pos_err_std_cm": 10.036523640155792,
      "pos_err_max_cm": 67.77667999267578,
      "rot_err_mean_deg": 6.277465076052755,
      "rot_err_median_deg": 2.963888019567102,
      "rot_err_std_deg": 9.73286930310643,
      "rot_err_max_deg": 57.75474773473967,
      "pos_succ_5cm": 0.734375,
      "pos_succ_2cm": 0.484375,
      "rot_succ_5deg": 0.65625,
      "rot_succ_10deg": 0.828125,
      "pose_succ_5cm_5deg": 0.640625,
      "pose_succ_5cm_10deg": 0.734375,
      "pose_succ_2cm_5deg": 0.453125,
      "manif_pos_max_mm": 0.0,
      "manif_pos_mean_mm": 0.0,
      "manif_rot_max_deg": 0.008903004840766171,
      "manif_rot_mean_deg": 1.04015199289706e-05,
      "manif_pose_combined_max": 0.0015538674779236317,
      "quat_norm_mean": 1.8335413187742233e-08,
      "quat_norm_max": 1.1920928955078125e-07,
      "invalid_quat_rate": 0.0,
      "frac_A_gen": 0.265625,
      "frac_A_demo": 0.265625,
      "mode_frac_err": 0.0,
      "mode_collapse": 0.0,
      "frac_between": 0.0,
      "mode_joint_idx": 5,
      "mode_threshold": 2.45,
      "W1_q": 0.15161916613578796,
      "E_vel": 1.2478744983673096,
      "E_acc": 3.6118338108062744,
      "E_vel_u": 0.7504916787147522,
      "E_acc_u": 2.1640965938568115,
      "E_p_dot": 0.0005920486873947084,
      "E_omega": 0.00327333714812994,
      "joint_viol_rate": 0.0,
      "e_jl": 0.0,
      "joint_margin_min": 8.678240192239173e-06,
      "u_inf_p50": 0.476154625415802,
      "u_inf_p90": 4.094473838806152,
      "u_inf_p99": 5.032321453094482,
      "z_e": 0.1
    },
    {
      "pos_err_mean_cm": 4.441370069980621,
      "pos_err_median_cm": 2.1272120997309685,
      "pos_err_std_cm": 5.888525769114494,
      "pos_err_max_cm": 33.83246958255768,
      "rot_err_mean_deg": 6.225506119489175,
      "rot_err_median_deg": 2.750512696452492,
      "rot_err_std_deg": 8.294986416771808,
      "rot_err_max_deg": 42.43157008655832,
      "pos_succ_5cm": 0.765625,
      "pos_succ_2cm": 0.453125,
      "rot_succ_5deg": 0.671875,
      "rot_succ_10deg": 0.796875,
      "pose_succ_5cm_5deg": 0.65625,
      "pose_succ_5cm_10deg": 0.734375,
      "pose_succ_2cm_5deg": 0.40625,
      "manif_pos_max_mm": 0.0,
      "manif_pos_mean_mm": 0.0,
      "manif_rot_max_deg": 5.4635807292336836e-05,
      "manif_rot_mean_deg": 7.004564199979236e-08,
      "manif_pose_combined_max": 9.535747267364059e-06,
      "quat_norm_mean": 1.8742866814136505e-08,
      "quat_norm_max": 1.1920928955078125e-07,
      "invalid_quat_rate": 0.0,
      "frac_A_gen": 0.296875,
      "frac_A_demo": 0.296875,
      "mode_frac_err": 0.0,
      "mode_collapse": 0.0,
      "frac_between": 0.0,
      "mode_joint_idx": 5,
      "mode_threshold": 2.45,
      "W1_q": 0.13112623989582062,
      "E_vel": 0.9486507773399353,
      "E_acc": 2.7587645053863525,
      "E_vel_u": 0.6545926928520203,
      "E_acc_u": 1.9462867975234985,
      "E_p_dot": 0.0010477083269506693,
      "E_omega": 0.0055329021997749805,
      "joint_viol_rate": 0.0,
      "e_jl": 0.0,
      "joint_margin_min": 1.3432674677460454e-05,
      "u_inf_p50": 0.39434394240379333,
      "u_inf_p90": 3.9650473594665527,
      "u_inf_p99": 4.9598259925842285,
      "z_e": 0.15
    },
    {
      "pos_err_mean_cm": 5.57444803416729,
      "pos_err_median_cm": 2.525465190410614,
      "pos_err_std_cm": 11.296503990888596,
      "pos_err_max_cm": 89.2881989479065,
      "rot_err_mean_deg": 7.135339824014118,
      "rot_err_median_deg": 3.0686168042147886,
      "rot_err_std_deg": 10.577101175087517,
      "rot_err_max_deg": 69.69827606461243,
      "pos_succ_5cm": 0.703125,
      "pos_succ_2cm": 0.296875,
      "rot_succ_5deg": 0.65625,
      "rot_succ_10deg": 0.796875,
      "pose_succ_5cm_5deg": 0.609375,
      "pose_succ_5cm_10deg": 0.65625,
      "pose_succ_2cm_5deg": 0.265625,
      "manif_pos_max_mm": 0.0,
      "manif_pos_mean_mm": 0.0,
      "manif_rot_max_deg": 0.006959121080164975,
      "manif_rot_mean_deg": 1.2632732471335906e-05,
      "manif_pose_combined_max": 0.0012145957443863153,
      "quat_norm_mean": 1.7811544239521027e-08,
      "quat_norm_max": 1.1920928955078125e-07,
      "invalid_quat_rate": 0.0,
      "frac_A_gen": 0.34375,
      "frac_A_demo": 0.34375,
      "mode_frac_err": 0.0,
      "mode_collapse": 0.0,
      "frac_between": 0.0,
      "mode_joint_idx": 5,
      "mode_threshold": 2.45,
      "W1_q": 0.1220792829990387,
      "E_vel": 0.8228802680969238,
      "E_acc": 2.408313751220703,
      "E_vel_u": 0.5184736251831055,
      "E_acc_u": 1.5067685842514038,
      "E_p_dot": 0.0007281300495378673,
      "E_omega": 0.002910743234679103,
      "joint_viol_rate": 0.0,
      "e_jl": 0.0,
      "joint_margin_min": 1.5064327271829825e-05,
      "u_inf_p50": 0.3623296022415161,
      "u_inf_p90": 3.940302610397339,
      "u_inf_p99": 4.795080661773682,
      "z_e": 0.2
    }
  ],
  "args": {
    "ckpt": "outputs/tier2_ours_v41_50k/ours_v2_pose.pt",
    "n_eval_per_z": 64,
    "z_list": [
      0.05,
      0.1,
      0.15,
      0.2
    ],
    "out_name": "eval_metrics.json",
    "seed": 0
  },
  "source_ckpt": "outputs/tier2_ours_v41_50k/ours_v2_pose.pt",
  "method_a": true,
  "config": {
    "sigma_p": 0.05,
    "tikhonov_frac": 0.01,
    "confining_kappa": 0.0,
    "forward_langevin_drift": false,
    "limiting_scale": null,
    "proxy_std_mode": null
  }
}