{
  "per_z": [
    {
      "pos_err_mean_cm": 4.615224152803421,
      "pos_err_median_cm": 2.515413984656334,
      "pos_err_std_cm": 5.2331432700157166,
      "pos_err_max_cm": 24.203170835971832,
      "rot_err_mean_deg": 7.288492301999668,
      "rot_err_median_deg": 3.5506998801273393,
      "rot_err_std_deg": 9.950289592313569,
      "rot_err_max_deg": 51.108802917588015,
      "pos_succ_5cm": 0.734375,
      "pos_succ_2cm": 0.328125,
      "rot_succ_5deg": 0.65625,
      "rot_succ_10deg": 0.796875,
      "pose_succ_5cm_5deg": 0.640625,
      "pose_succ_5cm_10deg": 0.6875,
      "pose_succ_2cm_5deg": 0.3125,
      "manif_pos_max_mm": 0.0,
      "manif_pos_mean_mm": 0.0,
      "manif_rot_max_deg": 0.0066287302725037784,
      "manif_rot_mean_deg": 7.452902897542881e-06,
      "manif_pose_combined_max": 0.0011569317430257797,
      "quat_norm_mean": 1.8277205526828766e-08,
      "quat_norm_max": 1.1920928955078125e-07,
      "invalid_quat_rate": 0.0,
      "frac_A_gen": 0.21875,
      "frac_A_demo": 0.21875,
      "mode_frac_err": 0.0,
      "mode_collapse": 0.0,
      "frac_between": 0.0,
      "mode_joint_idx": 5,
      "mode_threshold": 2.45,
      "W1_q": 0.15577742457389832,
      "E_vel": 1.2516082525253296,
      "E_acc": 3.59006929397583,
      "E_vel_u": 0.5651041865348816,
      "E_acc_u": 1.6417909860610962,
      "E_p_dot": 0.0003983593487646431,
      "E_omega": 0.004016009625047445,
      "joint_viol_rate": 0.0,
      "e_jl": 0.0,
      "joint_margin_min": 7.513106538681313e-06,
      "u_inf_p50": 0.5327714085578918,
      "u_inf_p90": 3.849332809448242,
      "u_inf_p99": 5.009212017059326,
      "z_e": 0.05
    },
    {
      "pos_err_mean_cm": 6.093277037143707,
      "pos_err_median_cm": 2.5594795122742653,
      "pos_err_std_cm": 10.662028193473816,
      "pos_err_max_cm": 71.36451601982117,
      "rot_err_mean_deg": 7.364750510309214,
      "rot_err_median_deg": 3.450964390649755,
      "rot_err_std_deg": 10.607335861222223,
      "rot_err_max_deg": 62.76871447236516,
      "pos_succ_5cm": 0.703125,
      "pos_succ_2cm": 0.359375,
      "rot_succ_5deg": 0.625,
      "rot_succ_10deg": 0.765625,
      "pose_succ_5cm_5deg": 0.609375,
      "pose_succ_5cm_10deg": 0.671875,
      "pose_succ_2cm_5deg": 0.3125,
      "manif_pos_max_mm": 0.0,
      "manif_pos_mean_mm": 0.0,
      "manif_rot_max_deg": 0.003391863854324066,
      "manif_rot_mean_deg": 7.87102054974532e-06,
      "manif_pose_combined_max": 0.0005919919349253178,
      "quat_norm_mean": 1.979060471057892e-08,
      "quat_norm_max": 1.1920928955078125e-07,
      "invalid_quat_rate": 0.0,
      "frac_A_gen": 0.265625,
      "frac_A_demo": 0.265625,
      "mode_frac_err": 0.0,
      "mode_collapse": 0.0,
      "frac_between": 0.0,
      "mode_joint_idx": 5,
      "mode_threshold": 2.45,
      "W1_q": 0.1597304344177246,
      "E_vel": 1.3316384553909302,
      "E_acc": 3.848203659057617,
      "E_vel_u": 0.7836422920227051,
      "E_acc_u": 2.261981725692749,
      "E_p_dot": 0.0006988070090301335,
      "E_omega": 0.003991841804236174,
      "joint_viol_rate": 0.0,
      "e_jl": 0.0,
      "joint_margin_min": 8.718417120689992e-06,
      "u_inf_p50": 0.4724181592464447,
      "u_inf_p90": 4.09970235824585,
      "u_inf_p99": 5.049777507781982,
      "z_e": 0.1
    },
    {
      "pos_err_mean_cm": 5.248705297708511,
      "pos_err_median_cm": 2.4432947859168053,
      "pos_err_std_cm": 6.495949625968933,
      "pos_err_max_cm": 35.92497110366821,
      "rot_err_mean_deg": 7.419400561405778,
      "rot_err_median_deg": 3.731281544046014,
      "rot_err_std_deg": 8.929057636859833,
      "rot_err_max_deg": 44.50790319801259,
      "pos_succ_5cm": 0.71875,
      "pos_succ_2cm": 0.390625,
      "rot_succ_5deg": 0.609375,
      "rot_succ_10deg": 0.75,
      "pose_succ_5cm_5deg": 0.59375,
      "pose_succ_5cm_10deg": 0.671875,
      "pose_succ_2cm_5deg": 0.296875,
      "manif_pos_max_mm": 0.0,
      "manif_pos_mean_mm": 0.0,
      "manif_rot_max_deg": 0.0015431131145896089,
      "manif_rot_mean_deg": 2.1817119159692546e-06,
      "manif_pose_combined_max": 0.00026932405307888985,
      "quat_norm_mean": 1.8975697457790375e-08,
      "quat_norm_max": 1.1920928955078125e-07,
      "invalid_quat_rate": 0.0,
      "frac_A_gen": 0.296875,
      "frac_A_demo": 0.296875,
      "mode_frac_err": 0.0,
      "mode_collapse": 0.0,
      "frac_between": 0.0,
      "mode_joint_idx": 5,
      "mode_threshold": 2.45,
      "W1_q": 0.1389336884021759,
      "E_vel": 1.0226913690567017,
      "E_acc": 2.970080852508545,
      "E_vel_u": 0.6833227872848511,
      "E_acc_u": 2.0280585289001465,
      "E_p_dot": 0.0011218312429264188,
      "E_omega": 0.006133251823484898,
      "joint_viol_rate": 0.0,
      "e_jl": 0.0,
      "joint_margin_min": 1.2901438822154887e-05,
      "u_inf_p50": 0.3955499529838562,
      "u_inf_p90": 3.952801465988159,
      "u_inf_p99": 4.98595666885376,
      "z_e": 0.15
    },
    {
      "pos_err_mean_cm": 6.422680616378784,
      "pos_err_median_cm": 2.873891033232212,
      "pos_err_std_cm": 11.784374713897705,
      "pos_err_max_cm": 92.02755689620972,
      "rot_err_mean_deg": 8.465479891286375,
      "rot_err_median_deg": 3.9148501350660996,
      "rot_err_std_deg": 11.293173938803422,
      "rot_err_max_deg": 72.39019705048702,
      "pos_succ_5cm": 0.6875,
      "pos_succ_2cm": 0.203125,
      "rot_succ_5deg": 0.578125,
      "rot_succ_10deg": 0.734375,
      "pose_succ_5cm_5deg": 0.546875,
      "pose_succ_5cm_10deg": 0.640625,
      "pose_succ_2cm_5deg": 0.171875,
      "manif_pos_max_mm": 0.0,
      "manif_pos_mean_mm": 0.0,
      "manif_rot_max_deg": 0.006167613712893571,
      "manif_rot_mean_deg": 7.331696996630922e-06,
      "manif_pose_combined_max": 0.001076451619155705,
      "quat_norm_mean": 1.949956640601158e-08,
      "quat_norm_max": 1.1920928955078125e-07,
      "invalid_quat_rate": 0.0,
      "frac_A_gen": 0.34375,
      "frac_A_demo": 0.34375,
      "mode_frac_err": 0.0,
      "mode_collapse": 0.0,
      "frac_between": 0.0,
      "mode_joint_idx": 5,
      "mode_threshold": 2.45,
      "W1_q": 0.1290520429611206,
      "E_vel": 0.9046092629432678,
      "E_acc": 2.6457300186157227,
      "E_vel_u": 0.5543691515922546,
      "E_acc_u": 1.6189281940460205,
      "E_p_dot": 0.0007998039945960045,
      "E_omega": 0.0035555909853428602,
      "joint_viol_rate": 0.0,
      "e_jl": 0.0,
      "joint_margin_min": 1.4343364455271512e-05,
      "u_inf_p50": 0.37126651406288147,
      "u_inf_p90": 3.9411020278930664,
      "u_inf_p99": 4.796760082244873,
      "z_e": 0.2
    }
  ],
  "args": {
    "ckpt": "outputs/tier2_ours_v41_30k/ours_v2_pose.pt",
    "n_eval_per_z": 64,
    "z_list": [
      0.05,
      0.1,
      0.15,
      0.2
    ],
    "out_name": "eval_metrics.json",
    "seed": 0
  },
  "source_ckpt": "outputs/tier2_ours_v41_30k/ours_v2_pose.pt",
  "method_a": true,
  "config": {
    "sigma_p": 0.05,
    "tikhonov_frac": 0.01,
    "confining_kappa": 0.0,
    "forward_langevin_drift": false,
    "limiting_scale": null,
    "proxy_std_mode": null
  }
}