{
  "per_z": [
    {
      "z_e": 0.05,
      "e_p_mean": 0.020883817225694656,
      "e_p_max": 0.04493551328778267,
      "e_R_mean": 0.047873951494693756,
      "e_R_max": 0.14800593256950378,
      "succ_rate": 0.515625,
      "manif_adh_max": 3.0391835025511682e-05
    },
    {
      "z_e": 0.1,
      "e_p_mean": 0.02130715548992157,
      "e_p_max": 0.034474752843379974,
      "e_R_mean": 0.04855723679065704,
      "e_R_max": 0.09582184255123138,
      "succ_rate": 0.40625,
      "manif_adh_max": 3.039044895558618e-05
    },
    {
      "z_e": 0.15,
      "e_p_mean": 0.027211885899305344,
      "e_p_max": 0.05940737947821617,
      "e_R_mean": 0.05639488622546196,
      "e_R_max": 0.14519087970256805,
      "succ_rate": 0.21875,
      "manif_adh_max": 0.00011230263044126332
    },
    {
      "z_e": 0.2,
      "e_p_mean": 0.03422508388757706,
      "e_p_max": 0.06899167597293854,
      "e_R_mean": 0.06263493746519089,
      "e_R_max": 0.15763768553733826,
      "succ_rate": 0.125,
      "manif_adh_max": 1.5244016140059102e-05
    }
  ]
}