{
  "z=0.05": {
    "pos_err_mean": 0.006422641687095165,
    "pos_err_med": 0.005845585837960243,
    "pos_err_std": 0.0030539820436388254,
    "r=2cm": 1.0,
    "r=5cm": 1.0,
    "r=8cm": 1.0,
    "r=10cm": 1.0,
    "r=15cm": 1.0,
    "frac_A": 0.51953125,
    "vel_mean": 0.009301189333200455,
    "viol": 0.0,
    "W1_A": 0.1415497912093997,
    "W1_B": 0.14279884658753872,
    "max_g_raw": 0.0,
    "max_g_post_proj": 0.0
  },
  "z=0.1": {
    "pos_err_mean": 0.006048629060387611,
    "pos_err_med": 0.0057995994575321674,
    "pos_err_std": 0.001755695091560483,
    "r=2cm": 1.0,
    "r=5cm": 1.0,
    "r=8cm": 1.0,
    "r=10cm": 1.0,
    "r=15cm": 1.0,
    "frac_A": 0.5546875,
    "vel_mean": 0.00929923728108406,
    "viol": 0.0,
    "W1_A": 0.14329859986901283,
    "W1_B": 0.14506270550191402,
    "max_g_raw": 0.0,
    "max_g_post_proj": 0.0
  },
  "z=0.15": {
    "pos_err_mean": 0.004497151356190443,
    "pos_err_med": 0.004333953373134136,
    "pos_err_std": 0.0017794842133298516,
    "r=2cm": 1.0,
    "r=5cm": 1.0,
    "r=8cm": 1.0,
    "r=10cm": 1.0,
    "r=15cm": 1.0,
    "frac_A": 0.56640625,
    "vel_mean": 0.009294567629694939,
    "viol": 0.0,
    "W1_A": 0.14410687889903784,
    "W1_B": 0.1473335763439536,
    "max_g_raw": 0.0,
    "max_g_post_proj": 0.0
  },
  "z=0.2": {
    "pos_err_mean": 0.007941183634102345,
    "pos_err_med": 0.007544907741248608,
    "pos_err_std": 0.003588372142985463,
    "r=2cm": 1.0,
    "r=5cm": 1.0,
    "r=8cm": 1.0,
    "r=10cm": 1.0,
    "r=15cm": 1.0,
    "frac_A": 0.5859375,
    "vel_mean": 0.009331571869552135,
    "viol": 0.0,
    "W1_A": 0.14468675293028355,
    "W1_B": 0.15209448523819447,
    "max_g_raw": 0.0,
    "max_g_post_proj": 0.0
  }
}