{
  "z=0.05": {
    "pos_err_mean": 0.3755267262458801,
    "pos_err_med": 0.374839186668396,
    "pos_err_std": 0.030876435339450836,
    "r=2cm": 0.0,
    "r=5cm": 0.0,
    "r=8cm": 0.0,
    "r=10cm": 0.0,
    "r=15cm": 0.0,
    "frac_A": 0.4609375,
    "vel_mean": 0.13175904750823975,
    "viol": 0.0,
    "W1_A": 0.33366226591169834,
    "W1_B": 0.3333624228835106,
    "max_g_raw": 0.5713050365447998,
    "max_g_post_proj": 0.0
  },
  "z=0.1": {
    "pos_err_mean": 0.33956602215766907,
    "pos_err_med": 0.339360773563385,
    "pos_err_std": 0.029835479333996773,
    "r=2cm": 0.0,
    "r=5cm": 0.0,
    "r=8cm": 0.0,
    "r=10cm": 0.0,
    "r=15cm": 0.0,
    "frac_A": 0.46875,
    "vel_mean": 0.12580423057079315,
    "viol": 0.0,
    "W1_A": 0.3132703620940447,
    "W1_B": 0.3128131255507469,
    "max_g_raw": 0.5277721881866455,
    "max_g_post_proj": 0.0
  },
  "z=0.15": {
    "pos_err_mean": 0.30421683192253113,
    "pos_err_med": 0.30371078848838806,
    "pos_err_std": 0.028775140643119812,
    "r=2cm": 0.0,
    "r=5cm": 0.0,
    "r=8cm": 0.0,
    "r=10cm": 0.0,
    "r=15cm": 0.0,
    "frac_A": 0.46875,
    "vel_mean": 0.11978435516357422,
    "viol": 0.0,
    "W1_A": 0.2971048317849636,
    "W1_B": 0.2973150461912155,
    "max_g_raw": 0.48473989963531494,
    "max_g_post_proj": 0.0
  },
  "z=0.2": {
    "pos_err_mean": 0.26936060190200806,
    "pos_err_med": 0.2689124047756195,
    "pos_err_std": 0.02774580381810665,
    "r=2cm": 0.0,
    "r=5cm": 0.0,
    "r=8cm": 0.0,
    "r=10cm": 0.0,
    "r=15cm": 0.0,
    "frac_A": 0.47265625,
    "vel_mean": 0.11373455077409744,
    "viol": 0.0,
    "W1_A": 0.2832623887807131,
    "W1_B": 0.2840352952480316,
    "max_g_raw": 0.44235098361968994,
    "max_g_post_proj": 0.0
  }
}