{
  "z=0.05": {
    "pos_err_mean": 0.38834482431411743,
    "pos_err_med": 0.38794490694999695,
    "pos_err_std": 0.04756270349025726,
    "r=2cm": 0.0,
    "r=5cm": 0.0,
    "r=8cm": 0.0,
    "r=10cm": 0.0,
    "r=15cm": 0.0,
    "frac_A": 0.5,
    "vel_mean": 0.25300803780555725,
    "viol": 0.0,
    "W1_A": 0.3399040773510933,
    "W1_B": 0.33873647451400757,
    "max_g_raw": 0.0,
    "max_g_post_proj": 0.0
  },
  "z=0.1": {
    "pos_err_mean": 0.3548789620399475,
    "pos_err_med": 0.35516855120658875,
    "pos_err_std": 0.04499005898833275,
    "r=2cm": 0.0,
    "r=5cm": 0.0,
    "r=8cm": 0.0,
    "r=10cm": 0.0,
    "r=15cm": 0.0,
    "frac_A": 0.501953125,
    "vel_mean": 0.23748186230659485,
    "viol": 0.0,
    "W1_A": 0.3194813188165426,
    "W1_B": 0.3175756298005581,
    "max_g_raw": 0.0,
    "max_g_post_proj": 0.0
  },
  "z=0.15": {
    "pos_err_mean": 0.32184502482414246,
    "pos_err_med": 0.3214467167854309,
    "pos_err_std": 0.042595233768224716,
    "r=2cm": 0.0,
    "r=5cm": 0.0,
    "r=8cm": 0.0,
    "r=10cm": 0.0,
    "r=15cm": 0.0,
    "frac_A": 0.50390625,
    "vel_mean": 0.22376464307308197,
    "viol": 0.0,
    "W1_A": 0.30323037318885326,
    "W1_B": 0.30075465701520443,
    "max_g_raw": 0.0,
    "max_g_post_proj": 0.0
  },
  "z=0.2": {
    "pos_err_mean": 0.2891508936882019,
    "pos_err_med": 0.28939637541770935,
    "pos_err_std": 0.04036039486527443,
    "r=2cm": 0.0,
    "r=5cm": 0.0,
    "r=8cm": 0.0,
    "r=10cm": 0.0,
    "r=15cm": 0.0,
    "frac_A": 0.50390625,
    "vel_mean": 0.21155928075313568,
    "viol": 0.0,
    "W1_A": 0.2885926943272352,
    "W1_B": 0.2865749094635248,
    "max_g_raw": 0.0,
    "max_g_post_proj": 0.0
  }
}