{
  "z=0.05": {
    "pos_err_mean": 0.3691093921661377,
    "pos_err_med": 0.3695933520793915,
    "pos_err_std": 0.036156006157398224,
    "r=2cm": 0.0,
    "r=5cm": 0.0,
    "r=8cm": 0.0,
    "r=10cm": 0.0,
    "r=15cm": 0.0,
    "frac_A": 0.5078125,
    "vel_mean": 0.17969699203968048,
    "viol": 0.0,
    "W1_A": 0.34142166934907436,
    "W1_B": 0.33502188697457314,
    "max_g_raw": 0.023815326392650604,
    "max_g_post_proj": 0.0
  },
  "z=0.1": {
    "pos_err_mean": 0.3311060070991516,
    "pos_err_med": 0.33142319321632385,
    "pos_err_std": 0.03480679541826248,
    "r=2cm": 0.0,
    "r=5cm": 0.0,
    "r=8cm": 0.0,
    "r=10cm": 0.0,
    "r=15cm": 0.0,
    "frac_A": 0.51171875,
    "vel_mean": 0.1717163771390915,
    "viol": 0.0,
    "W1_A": 0.32137308828532696,
    "W1_B": 0.31435858458280563,
    "max_g_raw": 0.0245753675699234,
    "max_g_post_proj": 0.0
  },
  "z=0.15": {
    "pos_err_mean": 0.29404380917549133,
    "pos_err_med": 0.2940405607223511,
    "pos_err_std": 0.03341839462518692,
    "r=2cm": 0.0,
    "r=5cm": 0.0,
    "r=8cm": 0.0,
    "r=10cm": 0.0,
    "r=15cm": 0.0,
    "frac_A": 0.51171875,
    "vel_mean": 0.16367802023887634,
    "viol": 0.0,
    "W1_A": 0.30519629642367363,
    "W1_B": 0.2982973624020815,
    "max_g_raw": 0.025331731885671616,
    "max_g_post_proj": 0.0
  },
  "z=0.2": {
    "pos_err_mean": 0.2579660415649414,
    "pos_err_med": 0.2582588493824005,
    "pos_err_std": 0.03201883286237717,
    "r=2cm": 0.0,
    "r=5cm": 0.0,
    "r=8cm": 0.0,
    "r=10cm": 0.0,
    "r=15cm": 0.0,
    "frac_A": 0.51171875,
    "vel_mean": 0.15569742023944855,
    "viol": 0.0,
    "W1_A": 0.290655555203557,
    "W1_B": 0.2844675984233618,
    "max_g_raw": 0.026081368327140808,
    "max_g_post_proj": 0.0
  }
}