{
  "z=0.05": {
    "pos_err_mean": 0.3552742004394531,
    "pos_err_med": 0.35469886660575867,
    "pos_err_std": 0.041431501507759094,
    "r=2cm": 0.0,
    "r=5cm": 0.0,
    "r=8cm": 0.0,
    "r=10cm": 0.0,
    "r=15cm": 0.0,
    "frac_A": 0.48828125,
    "vel_mean": 0.2058747410774231,
    "viol": 0.0,
    "W1_A": 0.3419894576072693,
    "W1_B": 0.335390891879797,
    "max_g_raw": 0.024061424657702446,
    "max_g_post_proj": 0.0
  },
  "z=0.1": {
    "pos_err_mean": 0.3199414610862732,
    "pos_err_med": 0.3197421431541443,
    "pos_err_std": 0.039285898208618164,
    "r=2cm": 0.0,
    "r=5cm": 0.0,
    "r=8cm": 0.0,
    "r=10cm": 0.0,
    "r=15cm": 0.0,
    "frac_A": 0.5078125,
    "vel_mean": 0.1951511800289154,
    "viol": 0.0,
    "W1_A": 0.32209625095129013,
    "W1_B": 0.3144665341824293,
    "max_g_raw": 0.024776997044682503,
    "max_g_post_proj": 0.0
  },
  "z=0.15": {
    "pos_err_mean": 0.2860165238380432,
    "pos_err_med": 0.28637367486953735,
    "pos_err_std": 0.03732995316386223,
    "r=2cm": 0.0,
    "r=5cm": 0.0,
    "r=8cm": 0.0,
    "r=10cm": 0.0,
    "r=15cm": 0.0,
    "frac_A": 0.515625,
    "vel_mean": 0.1863625943660736,
    "viol": 0.0,
    "W1_A": 0.30675101839005947,
    "W1_B": 0.2979693654924631,
    "max_g_raw": 0.025508495047688484,
    "max_g_post_proj": 0.0
  },
  "z=0.2": {
    "pos_err_mean": 0.2535111606121063,
    "pos_err_med": 0.2538888454437256,
    "pos_err_std": 0.03546654060482979,
    "r=2cm": 0.0,
    "r=5cm": 0.0,
    "r=8cm": 0.0,
    "r=10cm": 0.0,
    "r=15cm": 0.001953125,
    "frac_A": 0.521484375,
    "vel_mean": 0.1789478063583374,
    "viol": 0.0,
    "W1_A": 0.29267713241279125,
    "W1_B": 0.2839991692453623,
    "max_g_raw": 0.026280062273144722,
    "max_g_post_proj": 0.0
  }
}