{
  "z=0.05": {
    "pos_err_mean": 0.015568857081234455,
    "pos_err_med": 0.015612129122018814,
    "pos_err_std": 0.0022073567379266024,
    "r=2cm": 0.966796875,
    "r=5cm": 1.0,
    "r=8cm": 1.0,
    "r=10cm": 1.0,
    "r=15cm": 1.0,
    "frac_A": 0.521484375,
    "vel_mean": 0.009388668462634087,
    "viol": 0.0,
    "W1_A": 0.14165686536580324,
    "W1_B": 0.14275709353387356,
    "max_g_raw": 0.017216386273503304,
    "max_g_post_proj": 0.0
  },
  "z=0.1": {
    "pos_err_mean": 0.014409951865673065,
    "pos_err_med": 0.014856919646263123,
    "pos_err_std": 0.002480391412973404,
    "r=2cm": 0.99609375,
    "r=5cm": 1.0,
    "r=8cm": 1.0,
    "r=10cm": 1.0,
    "r=15cm": 1.0,
    "frac_A": 0.556640625,
    "vel_mean": 0.009361062198877335,
    "viol": 0.0,
    "W1_A": 0.143229765817523,
    "W1_B": 0.1450535673648119,
    "max_g_raw": 0.018579911440610886,
    "max_g_post_proj": 0.0
  },
  "z=0.15": {
    "pos_err_mean": 0.01666155457496643,
    "pos_err_med": 0.016930436715483665,
    "pos_err_std": 0.002077084267511964,
    "r=2cm": 0.970703125,
    "r=5cm": 1.0,
    "r=8cm": 1.0,
    "r=10cm": 1.0,
    "r=15cm": 1.0,
    "frac_A": 0.57421875,
    "vel_mean": 0.009373835287988186,
    "viol": 0.0,
    "W1_A": 0.1437933063134551,
    "W1_B": 0.14744672644883394,
    "max_g_raw": 0.01993458718061447,
    "max_g_post_proj": 0.0
  },
  "z=0.2": {
    "pos_err_mean": 0.022381162270903587,
    "pos_err_med": 0.022523008286952972,
    "pos_err_std": 0.002031923271715641,
    "r=2cm": 0.1328125,
    "r=5cm": 1.0,
    "r=8cm": 1.0,
    "r=10cm": 1.0,
    "r=15cm": 1.0,
    "frac_A": 0.591796875,
    "vel_mean": 0.00959241297096014,
    "viol": 0.0,
    "W1_A": 0.14452991262078285,
    "W1_B": 0.15170842502266169,
    "max_g_raw": 0.021191874518990517,
    "max_g_post_proj": 0.0
  }
}