{
  "z=0.05": {
    "pos_err_mean": 0.3382095992565155,
    "pos_err_med": 0.3370586931705475,
    "pos_err_std": 0.033061251044273376,
    "r=2cm": 0.0,
    "r=5cm": 0.0,
    "r=8cm": 0.0,
    "r=10cm": 0.0,
    "r=15cm": 0.0,
    "frac_A": 0.474609375,
    "vel_mean": 0.14112913608551025,
    "viol": 0.0,
    "W1_A": 0.334292845800519,
    "W1_B": 0.3340722285211086,
    "max_g_raw": 0.5803727507591248,
    "max_g_post_proj": 0.0
  },
  "z=0.1": {
    "pos_err_mean": 0.3015756607055664,
    "pos_err_med": 0.3000633120536804,
    "pos_err_std": 0.031691260635852814,
    "r=2cm": 0.0,
    "r=5cm": 0.0,
    "r=8cm": 0.0,
    "r=10cm": 0.0,
    "r=15cm": 0.0,
    "frac_A": 0.474609375,
    "vel_mean": 0.13368257880210876,
    "viol": 0.0,
    "W1_A": 0.31393588334321976,
    "W1_B": 0.31362426094710827,
    "max_g_raw": 0.5360332727432251,
    "max_g_post_proj": 0.0
  },
  "z=0.15": {
    "pos_err_mean": 0.2662503123283386,
    "pos_err_med": 0.26443347334861755,
    "pos_err_std": 0.030233129858970642,
    "r=2cm": 0.0,
    "r=5cm": 0.0,
    "r=8cm": 0.0,
    "r=10cm": 0.0,
    "r=15cm": 0.0,
    "frac_A": 0.470703125,
    "vel_mean": 0.12602472305297852,
    "viol": 0.0,
    "W1_A": 0.29784680157899857,
    "W1_B": 0.29794698767364025,
    "max_g_raw": 0.49214792251586914,
    "max_g_post_proj": 0.0
  },
  "z=0.2": {
    "pos_err_mean": 0.23219308257102966,
    "pos_err_med": 0.22988590598106384,
    "pos_err_std": 0.02870788984000683,
    "r=2cm": 0.0,
    "r=5cm": 0.0,
    "r=8cm": 0.0,
    "r=10cm": 0.0,
    "r=15cm": 0.001953125,
    "frac_A": 0.470703125,
    "vel_mean": 0.11821746826171875,
    "viol": 0.0,
    "W1_A": 0.28414945118129253,
    "W1_B": 0.2848266512155533,
    "max_g_raw": 0.4489825367927551,
    "max_g_post_proj": 0.0
  }
}