{
  "z=0.05": {
    "pos_err_mean": 0.3545018434524536,
    "pos_err_med": 0.3527924418449402,
    "pos_err_std": 0.04046601057052612,
    "r=2cm": 0.0,
    "r=5cm": 0.0,
    "r=8cm": 0.0,
    "r=10cm": 0.0,
    "r=15cm": 0.0,
    "frac_A": 0.505859375,
    "vel_mean": 0.2040083110332489,
    "viol": 0.0,
    "W1_A": 0.34182474575936794,
    "W1_B": 0.3363459147512913,
    "max_g_raw": 0.0,
    "max_g_post_proj": 0.0
  },
  "z=0.1": {
    "pos_err_mean": 0.31697267293930054,
    "pos_err_med": 0.3147835433483124,
    "pos_err_std": 0.03922263905405998,
    "r=2cm": 0.0,
    "r=5cm": 0.0,
    "r=8cm": 0.0,
    "r=10cm": 0.0,
    "r=15cm": 0.0,
    "frac_A": 0.505859375,
    "vel_mean": 0.19492176175117493,
    "viol": 0.0,
    "W1_A": 0.32214848510921,
    "W1_B": 0.3168017789721489,
    "max_g_raw": 0.0,
    "max_g_post_proj": 0.0
  },
  "z=0.15": {
    "pos_err_mean": 0.2807111144065857,
    "pos_err_med": 0.2785657048225403,
    "pos_err_std": 0.03787774220108986,
    "r=2cm": 0.0,
    "r=5cm": 0.0,
    "r=8cm": 0.0,
    "r=10cm": 0.0,
    "r=15cm": 0.0,
    "frac_A": 0.505859375,
    "vel_mean": 0.18555760383605957,
    "viol": 0.0,
    "W1_A": 0.30614793114364147,
    "W1_B": 0.30141643434762955,
    "max_g_raw": 0.0,
    "max_g_post_proj": 0.0
  },
  "z=0.2": {
    "pos_err_mean": 0.24582713842391968,
    "pos_err_med": 0.24393026530742645,
    "pos_err_std": 0.03643659129738808,
    "r=2cm": 0.0,
    "r=5cm": 0.0,
    "r=8cm": 0.0,
    "r=10cm": 0.0,
    "r=15cm": 0.00390625,
    "frac_A": 0.505859375,
    "vel_mean": 0.17604215443134308,
    "viol": 0.0,
    "W1_A": 0.29202723503112793,
    "W1_B": 0.2884915303438902,
    "max_g_raw": 0.0,
    "max_g_post_proj": 0.0
  }
}