{
  "z=0.25": {
    "pos_err_mean": 0.07211872935295105,
    "pos_err_med": 0.0695827305316925,
    "pos_err_std": 0.019903255626559258,
    "r=2cm": 0.0,
    "r=5cm": 0.13671875,
    "r=8cm": 0.630859375,
    "r=10cm": 0.8984375,
    "r=15cm": 1.0,
    "frac_A": 0.53515625,
    "vel_mean": 0.07804122567176819,
    "viol": 0.0,
    "W1_A": 0.297210393473506,
    "W1_B": 0.29141649790108204,
    "max_g_raw": 0.026917392387986183
  }
}