{
  "z=0.05": {
    "pos_err_mean": 0.1616106629371643,
    "pos_err_med": 0.16350513696670532,
    "pos_err_std": 0.022457215934991837,
    "r=2cm": 0.0,
    "r=5cm": 0.0,
    "r=8cm": 0.0,
    "r=10cm": 0.0,
    "r=15cm": 0.33203125,
    "frac_A": 0.51171875,
    "vel_mean": 0.0928332731127739,
    "viol": 0.0,
    "W1_A": 0.3684764802455902,
    "W1_B": 0.36585967242717743,
    "max_g_raw": 0.023814301937818527
  },
  "z=0.1": {
    "pos_err_mean": 0.13433653116226196,
    "pos_err_med": 0.13633844256401062,
    "pos_err_std": 0.023269955068826675,
    "r=2cm": 0.0,
    "r=5cm": 0.0,
    "r=8cm": 0.00390625,
    "r=10cm": 0.076171875,
    "r=15cm": 0.705078125,
    "frac_A": 0.525390625,
    "vel_mean": 0.0892500951886177,
    "viol": 0.0,
    "W1_A": 0.3464982956647873,
    "W1_B": 0.3417168613523245,
    "max_g_raw": 0.02457449771463871
  },
  "z=0.15": {
    "pos_err_mean": 0.10989721864461899,
    "pos_err_med": 0.11097248643636703,
    "pos_err_std": 0.023899301886558533,
    "r=2cm": 0.0,
    "r=5cm": 0.001953125,
    "r=8cm": 0.12109375,
    "r=10cm": 0.353515625,
    "r=15cm": 0.970703125,
    "frac_A": 0.533203125,
    "vel_mean": 0.08549264818429947,
    "viol": 0.0,
    "W1_A": 0.32888006418943405,
    "W1_B": 0.32291564904153347,
    "max_g_raw": 0.025384049862623215
  },
  "z=0.2": {
    "pos_err_mean": 0.08875029534101486,
    "pos_err_med": 0.08833801001310349,
    "pos_err_std": 0.02297104336321354,
    "r=2cm": 0.0,
    "r=5cm": 0.04296875,
    "r=8cm": 0.392578125,
    "r=10cm": 0.638671875,
    "r=15cm": 1.0,
    "frac_A": 0.53125,
    "vel_mean": 0.08172334730625153,
    "viol": 0.0,
    "W1_A": 0.31315193325281143,
    "W1_B": 0.3067180495709181,
    "max_g_raw": 0.026160938665270805
  }
}