{
  "z=0.05": {
    "pos_err_mean": 0.15217375755310059,
    "pos_err_med": 0.1529335081577301,
    "pos_err_std": 0.020887352526187897,
    "r=2cm": 0.0,
    "r=5cm": 0.0,
    "r=8cm": 0.0,
    "r=10cm": 0.00390625,
    "r=15cm": 0.46875,
    "frac_A": 0.6484375,
    "vel_mean": 0.09761589765548706,
    "viol": 0.0,
    "W1_A": 0.37387213110923767,
    "W1_B": 0.3687540087848902,
    "max_g_raw": 0.023869100958108902
  },
  "z=0.1": {
    "pos_err_mean": 0.1253465861082077,
    "pos_err_med": 0.12637478113174438,
    "pos_err_std": 0.020772283896803856,
    "r=2cm": 0.0,
    "r=5cm": 0.0,
    "r=8cm": 0.013671875,
    "r=10cm": 0.1171875,
    "r=15cm": 0.869140625,
    "frac_A": 0.646484375,
    "vel_mean": 0.09089060127735138,
    "viol": 0.0,
    "W1_A": 0.35037064738571644,
    "W1_B": 0.3431251049041748,
    "max_g_raw": 0.024619264528155327
  },
  "z=0.15": {
    "pos_err_mean": 0.10205089300870895,
    "pos_err_med": 0.10317637771368027,
    "pos_err_std": 0.02111687883734703,
    "r=2cm": 0.0,
    "r=5cm": 0.00390625,
    "r=8cm": 0.1640625,
    "r=10cm": 0.4609375,
    "r=15cm": 1.0,
    "frac_A": 0.64453125,
    "vel_mean": 0.08424645662307739,
    "viol": 0.0,
    "W1_A": 0.33123474940657616,
    "W1_B": 0.3235688079148531,
    "max_g_raw": 0.02542215771973133
  },
  "z=0.2": {
    "pos_err_mean": 0.08239321410655975,
    "pos_err_med": 0.0829959437251091,
    "pos_err_std": 0.02082856558263302,
    "r=2cm": 0.0,
    "r=5cm": 0.068359375,
    "r=8cm": 0.458984375,
    "r=10cm": 0.765625,
    "r=15cm": 1.0,
    "frac_A": 0.642578125,
    "vel_mean": 0.07810933142900467,
    "viol": 0.0,
    "W1_A": 0.3141427170485258,
    "W1_B": 0.3066849075257778,
    "max_g_raw": 0.02617429569363594
  }
}