{
  "z=0.25": {
    "pos_err_mean": 0.06709162890911102,
    "pos_err_med": 0.06576083600521088,
    "pos_err_std": 0.01836702786386013,
    "r=2cm": 0.0,
    "r=5cm": 0.19140625,
    "r=8cm": 0.7265625,
    "r=10cm": 0.966796875,
    "r=15cm": 1.0,
    "frac_A": 0.642578125,
    "vel_mean": 0.07267054915428162,
    "viol": 0.0,
    "W1_A": 0.29763185791671276,
    "W1_B": 0.2904952000826597,
    "max_g_raw": 0.026936685666441917
  }
}