{
  "Demo": {
    "inference_time_per_batch_mean_s": NaN,
    "inference_time_per_batch_std_s": NaN,
    "throughput_traj_per_s": NaN,
    "ee_path_len_mean_m": 0.06300584971904755,
    "ee_path_len_std_m": 0.023570092394948006,
    "ee_straight_mean_m": 0.06300581991672516,
    "ee_straightness_mean": 0.9999997615814209,
    "ee_straightness_std": 2.8999107826166437e-07,
    "ee_excess_mean": 1.000000238418579,
    "ee_excess_std": 2.9457896744133905e-07,
    "q_path_len_mean": 0.13975878059864044,
    "q_path_len_std": 0.06191451847553253,
    "q_straight_mean": 0.13953164219856262,
    "q_straightness_mean": 0.998451292514801,
    "q_excess_mean": 1.0015541315078735,
    "note": "IK demo reference (n_ik_steps=120, jitter=0)"
  },
  "BC": {
    "inference_time_per_batch_mean_s": 0.00016543972014915198,
    "inference_time_per_batch_std_s": 3.793305222643539e-05,
    "batch_size_for_timing": 64,
    "throughput_traj_per_s": 386847.849732222,
    "ee_path_len_mean_m": 0.061985261738300323,
    "ee_path_len_std_m": 0.022623656317591667,
    "ee_straight_mean_m": 0.061383478343486786,
    "ee_straightness_mean": 0.9855188727378845,
    "ee_straightness_std": 0.03611772134900093,
    "ee_excess_mean": 1.017390489578247,
    "ee_excess_std": 0.07536301761865616,
    "q_path_len_mean": 0.13719096779823303,
    "q_path_len_std": 0.05922961235046387,
    "q_straight_mean": 0.1349920630455017,
    "q_straightness_mean": 0.97498619556427,
    "q_excess_mean": 1.0311782360076904,
    "pos_err_mean": 0.014574010856449604,
    "succ_at_5cm": 1.0,
    "succ_at_10cm": 1.0,
    "n_inference_steps": 1,
    "ckpt": "franka_baseline_bc"
  },
  "DP-canonical": {
    "inference_time_per_batch_mean_s": 0.3284669518470764,
    "inference_time_per_batch_std_s": 0.002680862555280328,
    "batch_size_for_timing": 64,
    "throughput_traj_per_s": 194.8445639359065,
    "ee_path_len_mean_m": 0.8860903978347778,
    "ee_path_len_std_m": 0.16367746889591217,
    "ee_straight_mean_m": 0.06904159486293793,
    "ee_straightness_mean": 0.07982881367206573,
    "ee_straightness_std": 0.045679233968257904,
    "ee_excess_mean": 24.66145133972168,
    "ee_excess_std": 67.96764373779297,
    "q_path_len_mean": 2.5651426315307617,
    "q_path_len_std": 0.2919791638851166,
    "q_straight_mean": 0.1885729432106018,
    "q_straightness_mean": 0.07405759394168854,
    "q_excess_mean": 15.293397903442383,
    "pos_err_mean": 0.33129245042800903,
    "succ_at_5cm": 0.0,
    "succ_at_10cm": 0.0,
    "n_inference_steps": 100,
    "ckpt": "franka_baseline_dp_official"
  },
  "DP-A": {
    "inference_time_per_batch_mean_s": 0.3184857666492462,
    "inference_time_per_batch_std_s": 0.003902597352862358,
    "batch_size_for_timing": 64,
    "throughput_traj_per_s": 200.95089546178775,
    "ee_path_len_mean_m": 1.0754446983337402,
    "ee_path_len_std_m": 0.19252024590969086,
    "ee_straight_mean_m": 0.10200661420822144,
    "ee_straightness_mean": 0.09682859480381012,
    "ee_straightness_std": 0.05121467262506485,
    "ee_excess_mean": 16.46554946899414,
    "ee_excess_std": 29.573137283325195,
    "q_path_len_mean": 2.8867480754852295,
    "q_path_len_std": 0.33441224694252014,
    "q_straight_mean": 0.25810161232948303,
    "q_straightness_mean": 0.09014631807804108,
    "q_excess_mean": 12.397882461547852,
    "pos_err_mean": 0.3160076141357422,
    "succ_at_5cm": 0.0,
    "succ_at_10cm": 0.0,
    "n_inference_steps": 100,
    "ckpt": "franka_baseline_dp_official_channel"
  },
  "DP-C": {
    "inference_time_per_batch_mean_s": 4.039319038391113,
    "inference_time_per_batch_std_s": 1.1614748239517212,
    "batch_size_for_timing": 64,
    "throughput_traj_per_s": 15.844254784462782,
    "ee_path_len_mean_m": 0.551978588104248,
    "ee_path_len_std_m": 0.03999567776918411,
    "ee_straight_mean_m": 0.06325666606426239,
    "ee_straightness_mean": 0.11457248032093048,
    "ee_straightness_std": 0.05379004776477814,
    "ee_excess_mean": 12.160198211669922,
    "ee_excess_std": 11.32547664642334,
    "q_path_len_mean": 1.3401857614517212,
    "q_path_len_std": 0.07276757806539536,
    "q_straight_mean": 0.1732969731092453,
    "q_straightness_mean": 0.12928366661071777,
    "q_excess_mean": 8.455490112304688,
    "pos_err_mean": 0.13197991251945496,
    "succ_at_5cm": 0.0,
    "succ_at_10cm": 0.08984375,
    "n_inference_steps": 100,
    "alpha_g": 30.0,
    "alpha_s": 30.0,
    "alpha_v": 3.0,
    "ckpt": "franka_baseline_dp_official_channel + guidance"
  },
  "Projected": {
    "inference_time_per_batch_mean_s": 0.3270319402217865,
    "inference_time_per_batch_std_s": 0.0011862163664773107,
    "batch_size_for_timing": 64,
    "throughput_traj_per_s": 195.69953918444935,
    "ee_path_len_mean_m": 0.6858090162277222,
    "ee_path_len_std_m": 0.11683584749698639,
    "ee_straight_mean_m": 0.0679200291633606,
    "ee_straightness_mean": 0.10093709826469421,
    "ee_straightness_std": 0.05409277230501175,
    "ee_excess_mean": 14.834583282470703,
    "ee_excess_std": 14.659036636352539,
    "q_path_len_mean": 2.0008347034454346,
    "q_path_len_std": 0.223780557513237,
    "q_straight_mean": 0.17962470650672913,
    "q_straightness_mean": 0.09001561999320984,
    "q_excess_mean": 12.23254108428955,
    "pos_err_mean": 0.3013443946838379,
    "succ_at_5cm": 0.0,
    "succ_at_10cm": 0.0,
    "n_inference_steps": 100,
    "ckpt": "franka_baseline_projected"
  },
  "Ours-Analytic": {
    "inference_time_per_batch_mean_s": 15.104246139526367,
    "inference_time_per_batch_std_s": 8.587647438049316,
    "batch_size_for_timing": 64,
    "throughput_traj_per_s": 4.237219084540613,
    "ee_path_len_mean_m": 0.18813475966453552,
    "ee_path_len_std_m": 0.030854756012558937,
    "ee_straight_mean_m": 0.06432637572288513,
    "ee_straightness_mean": 0.34592726826667786,
    "ee_straightness_std": 0.12859253585338593,
    "ee_excess_mean": 3.495083808898926,
    "ee_excess_std": 1.9804046154022217,
    "q_path_len_mean": 0.6006093621253967,
    "q_path_len_std": 0.07941523939371109,
    "q_straight_mean": 0.14859752357006073,
    "q_straightness_mean": 0.2466612607240677,
    "q_excess_mean": 4.8139567375183105,
    "pos_err_mean": 0.013597912155091763,
    "succ_at_5cm": 1.0,
    "succ_at_10cm": 1.0,
    "n_steps": 200,
    "alpha_g": 100.0,
    "alpha_s": 100.0,
    "alpha_v": 5.0,
    "ckpt": "franka_traj_unet_v2_analytic"
  },
  "Ours-V2": {
    "inference_time_per_batch_mean_s": 22.426372528076172,
    "inference_time_per_batch_std_s": 8.717206001281738,
    "batch_size_for_timing": 64,
    "throughput_traj_per_s": 2.853782970022312,
    "ee_path_len_mean_m": 0.18993419408798218,
    "ee_path_len_std_m": 0.0431922972202301,
    "ee_straight_mean_m": 0.06582842767238617,
    "ee_straightness_mean": 0.3496900200843811,
    "ee_straightness_std": 0.12781110405921936,
    "ee_excess_mean": 3.4233222007751465,
    "ee_excess_std": 1.8379826545715332,
    "q_path_len_mean": 0.6101651191711426,
    "q_path_len_std": 0.11929342150688171,
    "q_straight_mean": 0.15464064478874207,
    "q_straightness_mean": 0.25263822078704834,
    "q_excess_mean": 4.676607608795166,
    "pos_err_mean": 0.021711960434913635,
    "succ_at_5cm": 0.984375,
    "succ_at_10cm": 1.0,
    "n_steps": 200,
    "alpha_g": 100.0,
    "alpha_s": 100.0,
    "alpha_v": 5.0,
    "ckpt": "franka_traj_unet_v2"
  }
}