{
  "z=0.2": {
    "pos_err_mean": 0.017304155975580215,
    "pos_err_med": 0.016584651544690132,
    "pos_err_std": 0.007812460884451866,
    "succ_2cm": 0.6875,
    "succ_5cm": 0.99609375,
    "succ_10cm": 1.0,
    "frac_A": 0.5234375,
    "W1_A": 0.010799537878483534,
    "W1_B": 0.014495860319584608,
    "vel_mean": 0.03973451629281044,
    "viol": 0.0,
    "max_g": 0.0
  },
  "z=0.25": {
    "pos_err_mean": 0.027110237628221512,
    "pos_err_med": 0.02585129253566265,
    "pos_err_std": 0.009134731255471706,
    "succ_2cm": 0.21875,
    "succ_5cm": 0.984375,
    "succ_10cm": 1.0,
    "frac_A": 0.53515625,
    "W1_A": 0.016174030024558306,
    "W1_B": 0.02589270065072924,
    "vel_mean": 0.03994658961892128,
    "viol": 0.0,
    "max_g": 0.0
  }
}