{
  "z=0.1": {
    "\u03b1=50.0": {
      "pos_err_mean": 0.10215834528207779,
      "pos_err_med": 0.07605055719614029,
      "pos_err_std": 0.0782417580485344,
      "succ": 0.0625,
      "frac_A": 0.4765625,
      "viol": 0.0078125,
      "max_g": 0.0
    },
    "\u03b1=100.0": {
      "pos_err_mean": 0.09325193613767624,
      "pos_err_med": 0.05944901704788208,
      "pos_err_std": 0.08427384495735168,
      "succ": 0.0703125,
      "frac_A": 0.4921875,
      "viol": 0.00927734375,
      "max_g": 0.0
    },
    "\u03b1=150.0": {
      "pos_err_mean": 0.09086619317531586,
      "pos_err_med": 0.07035166770219803,
      "pos_err_std": 0.06818783283233643,
      "succ": 0.0703125,
      "frac_A": 0.4453125,
      "viol": 0.0107421875,
      "max_g": 0.0
    }
  }
}