{
  "z=0.05": {
    "pos_err_mean": 0.09219668060541153,
    "pos_err_med": 0.07132554799318314,
    "pos_err_std": 0.0733223631978035,
    "r=2cm": 0.046875,
    "r=5cm": 0.318359375,
    "r=8cm": 0.5546875,
    "r=10cm": 0.65234375,
    "r=15cm": 0.830078125,
    "frac_A": 0.455078125,
    "W1_A": 0.1844742363318801,
    "W1_B": 0.1478020641952753,
    "viol": 0.0137939453125,
    "max_g": 0.0
  },
  "z=0.1": {
    "pos_err_mean": 0.09319889545440674,
    "pos_err_med": 0.07104326039552689,
    "pos_err_std": 0.07083269953727722,
    "r=2cm": 0.037109375,
    "r=5cm": 0.314453125,
    "r=8cm": 0.5625,
    "r=10cm": 0.65234375,
    "r=15cm": 0.82421875,
    "frac_A": 0.4609375,
    "W1_A": 0.19020096492022276,
    "W1_B": 0.15029932744801044,
    "viol": 0.0133056640625,
    "max_g": 0.0
  },
  "z=0.15": {
    "pos_err_mean": 0.09692331403493881,
    "pos_err_med": 0.07703159004449844,
    "pos_err_std": 0.07034618407487869,
    "r=2cm": 0.04296875,
    "r=5cm": 0.271484375,
    "r=8cm": 0.5078125,
    "r=10cm": 0.61328125,
    "r=15cm": 0.802734375,
    "frac_A": 0.462890625,
    "W1_A": 0.2030239263549447,
    "W1_B": 0.1567118181847036,
    "viol": 0.0140380859375,
    "max_g": 0.0
  },
  "z=0.2": {
    "pos_err_mean": 0.10313022136688232,
    "pos_err_med": 0.08706893771886826,
    "pos_err_std": 0.06957565248012543,
    "r=2cm": 0.025390625,
    "r=5cm": 0.23828125,
    "r=8cm": 0.470703125,
    "r=10cm": 0.56640625,
    "r=15cm": 0.77734375,
    "frac_A": 0.474609375,
    "W1_A": 0.21974222175776958,
    "W1_B": 0.17974418960511684,
    "viol": 0.017333984375,
    "max_g": 0.0
  }
}