{
  "config": {
    "n_targets": 12,
    "n_demos_per_group": 50,
    "z_e_fixed": 0.1,
    "p_box": [
      [
        0.4,
        -0.05,
        0.4
      ],
      [
        0.5,
        0.05,
        0.5
      ]
    ],
    "n_ik_steps": 12
  },
  "mode_A": {
    "within_std_q_at_h_end_per_joint": [
      1.3581618077296298e-05,
      7.416499556711642e-06,
      9.386849342263304e-06,
      7.901921890152153e-06,
      1.2334963685134426e-05,
      7.515242941735778e-06,
      2.9465814233020637e-09
    ],
    "within_std_q_mean": 8.305721166834701e-06,
    "within_std_pee_at_h_end_per_axis": [
      5.253201607047231e-07,
      4.790828711520589e-07,
      4.971935254616255e-07
    ],
    "within_std_pee_norm": 8.675730782670144e-07,
    "target_bias_mean": 0.0012406234163790941,
    "target_bias_max": 0.0013921211939305067
  },
  "mode_B": {
    "within_std_q_at_h_end_per_joint": [
      1.2678405255428515e-05,
      7.759056643408258e-06,
      8.451268513454124e-06,
      8.445534149359446e-06,
      1.2131456969655119e-05,
      8.167422492988408e-06,
      2.529984888255399e-09
    ],
    "within_std_q_mean": 8.233668268076144e-06,
    "within_std_pee_at_h_end_per_axis": [
      5.590160299107083e-07,
      4.78514380120032e-07,
      4.819368086828035e-07
    ],
    "within_std_pee_norm": 8.796237693786679e-07,
    "target_bias_mean": 0.0011745055671781301,
    "target_bias_max": 0.0015226916875690222
  },
  "ik_stochasticity": {
    "ik_std_q_mean": 1.1590342182898894e-05,
    "ik_std_pee_mean": 5.564711500483099e-07,
    "ik_bias": 0.0012893832754343748
  },
  "verdict": "Demo SHARP (<0.02m, <0.02m bias): Demo OK; proceed to Phase 1.5"
}