{
  "z=0.05": {
    "pos_err_mean": 0.021197278052568436,
    "pos_err_med": 0.019994864240288734,
    "pos_err_std": 0.009327263571321964,
    "r=2cm": 0.5,
    "r=5cm": 0.986328125,
    "r=8cm": 1.0,
    "r=10cm": 1.0,
    "r=15cm": 1.0,
    "frac_A": 0.509765625,
    "vel_mean": 0.041440147906541824,
    "viol": 0.0,
    "W1_A": 0.01880620454903692,
    "W1_B": 0.015484057075809687,
    "max_g": 0.0
  },
  "z=0.1": {
    "pos_err_mean": 0.02115023508667946,
    "pos_err_med": 0.019975384697318077,
    "pos_err_std": 0.00874833669513464,
    "r=2cm": 0.5,
    "r=5cm": 0.98828125,
    "r=8cm": 1.0,
    "r=10cm": 1.0,
    "r=15cm": 1.0,
    "frac_A": 0.501953125,
    "vel_mean": 0.041119009256362915,
    "viol": 0.0,
    "W1_A": 0.017088434658944607,
    "W1_B": 0.015140733099542558,
    "max_g": 0.0
  },
  "z=0.15": {
    "pos_err_mean": 0.023311998695135117,
    "pos_err_med": 0.02242438867688179,
    "pos_err_std": 0.008941548876464367,
    "r=2cm": 0.380859375,
    "r=5cm": 0.98828125,
    "r=8cm": 1.0,
    "r=10cm": 1.0,
    "r=15cm": 1.0,
    "frac_A": 0.484375,
    "vel_mean": 0.04091738536953926,
    "viol": 0.0,
    "W1_A": 0.01545006554806605,
    "W1_B": 0.01428004604531452,
    "max_g": 0.0
  },
  "z=0.2": {
    "pos_err_mean": 0.02921455353498459,
    "pos_err_med": 0.028989240527153015,
    "pos_err_std": 0.00962517037987709,
    "r=2cm": 0.15234375,
    "r=5cm": 0.97265625,
    "r=8cm": 1.0,
    "r=10cm": 1.0,
    "r=15cm": 1.0,
    "frac_A": 0.478515625,
    "vel_mean": 0.0411706380546093,
    "viol": 0.0,
    "W1_A": 0.016171834606211632,
    "W1_B": 0.017075920884963125,
    "max_g": 0.0
  }
}