{
  "z=0.25": {
    "pos_err_mean": 0.040673866868019104,
    "pos_err_med": 0.040358949452638626,
    "pos_err_std": 0.011420006863772869,
    "r=2cm": 0.017578125,
    "r=5cm": 0.830078125,
    "r=8cm": 0.994140625,
    "r=10cm": 1.0,
    "r=15cm": 1.0,
    "frac_A": 0.47265625,
    "vel_mean": 0.042819444090127945,
    "viol": 0.0,
    "W1_A": 0.02365178964100778,
    "W1_B": 0.024003094877116382,
    "max_g": 0.0
  }
}