{
  "per_z": [
    {
      "z_e": 0.05,
      "e_p_mean": 0.01976587623357773,
      "e_p_max": 0.04110652953386307,
      "e_R_mean": 0.04444040730595589,
      "e_R_max": 0.12473158538341522,
      "succ_rate": 0.609375,
      "manif_adh_max": 3.0363478799699806e-05
    },
    {
      "z_e": 0.1,
      "e_p_mean": 0.02038397267460823,
      "e_p_max": 0.03506740927696228,
      "e_R_mean": 0.04521942138671875,
      "e_R_max": 0.08238887041807175,
      "succ_rate": 0.421875,
      "manif_adh_max": 9.536170182400383e-07
    },
    {
      "z_e": 0.15,
      "e_p_mean": 0.025755740702152252,
      "e_p_max": 0.05053012818098068,
      "e_R_mean": 0.05247750133275986,
      "e_R_max": 0.10466338694095612,
      "succ_rate": 0.25,
      "manif_adh_max": 6.020984801580198e-05
    },
    {
      "z_e": 0.2,
      "e_p_mean": 0.033260852098464966,
      "e_p_max": 0.06718656420707703,
      "e_R_mean": 0.05827515572309494,
      "e_R_max": 0.12430696189403534,
      "succ_rate": 0.140625,
      "manif_adh_max": 1.5245766917360015e-05
    }
  ]
}