{
  "per_z": [
    {
      "pos_err_mean_cm": 1.9964735954999924,
      "pos_err_median_cm": 1.7749514430761337,
      "pos_err_std_cm": 0.8011545985937119,
      "pos_err_max_cm": 4.153904318809509,
      "rot_err_mean_deg": 3.094937151624844,
      "rot_err_median_deg": 2.882684540855055,
      "rot_err_std_deg": 1.036955904696751,
      "rot_err_max_deg": 6.204348327874591,
      "pos_succ_5cm": 1.0,
      "pos_succ_2cm": 0.5625,
      "rot_succ_5deg": 0.953125,
      "rot_succ_10deg": 1.0,
      "pose_succ_5cm_5deg": 0.953125,
      "pose_succ_5cm_10deg": 1.0,
      "pose_succ_2cm_5deg": 0.5625,
      "manif_pos_max_mm": 0.0,
      "manif_pos_mean_mm": 0.0,
      "manif_rot_max_deg": 0.006434756068376057,
      "manif_rot_mean_deg": 1.1143245229126854e-05,
      "manif_pose_combined_max": 0.0011230767704546452,
      "quat_norm_mean": 1.8451828509569168e-08,
      "quat_norm_max": 1.1920928955078125e-07,
      "invalid_quat_rate": 0.0,
      "frac_A_gen": 0.0,
      "frac_A_demo": 0.46875,
      "mode_frac_err": 0.46875,
      "mode_collapse": 1.0,
      "frac_between": 0.03125,
      "W1_q": 0.06545442342758179,
      "E_vel": 0.0020268966909497976,
      "E_acc": 0.0003370595513843,
      "E_p_dot": 3.682808892335743e-05,
      "E_omega": 0.001203675172291696,
      "joint_viol_rate": 0.0,
      "e_jl": 0.0,
      "joint_margin_min": 0.16752935945987701,
      "z_e": 0.05
    },
    {
      "pos_err_mean_cm": 1.936648041009903,
      "pos_err_median_cm": 1.8882779404520988,
      "pos_err_std_cm": 0.5080757196992636,
      "pos_err_max_cm": 3.306979686021805,
      "rot_err_mean_deg": 2.632153202098987,
      "rot_err_median_deg": 2.5598633336972187,
      "rot_err_std_deg": 0.8300725163056794,
      "rot_err_max_deg": 4.94716535310865,
      "pos_succ_5cm": 1.0,
      "pos_succ_2cm": 0.578125,
      "rot_succ_5deg": 1.0,
      "rot_succ_10deg": 1.0,
      "pose_succ_5cm_5deg": 1.0,
      "pose_succ_5cm_10deg": 1.0,
      "pose_succ_2cm_5deg": 0.578125,
      "manif_pos_max_mm": 0.0,
      "manif_pos_mean_mm": 0.0,
      "manif_rot_max_deg": 0.004669821679878874,
      "manif_rot_mean_deg": 6.259543717950799e-06,
      "manif_pose_combined_max": 0.0008150376379489899,
      "quat_norm_mean": 1.9266735762357712e-08,
      "quat_norm_max": 1.1920928955078125e-07,
      "invalid_quat_rate": 0.0,
      "frac_A_gen": 0.0,
      "frac_A_demo": 0.46875,
      "mode_frac_err": 0.46875,
      "mode_collapse": 1.0,
      "frac_between": 0.046875,
      "W1_q": 0.06509769707918167,
      "E_vel": 0.002055198885500431,
      "E_acc": 0.00016472156858071685,
      "E_p_dot": 2.8166681659058668e-05,
      "E_omega": 0.0011939051328226924,
      "joint_viol_rate": 0.0,
      "e_jl": 0.0,
      "joint_margin_min": 0.1805427372455597,
      "z_e": 0.1
    },
    {
      "pos_err_mean_cm": 2.3988109081983566,
      "pos_err_median_cm": 2.3720286786556244,
      "pos_err_std_cm": 0.8078738115727901,
      "pos_err_max_cm": 4.515907913446426,
      "rot_err_mean_deg": 2.636520467742976,
      "rot_err_median_deg": 2.668417451166935,
      "rot_err_std_deg": 0.9392014902435879,
      "rot_err_max_deg": 5.9621131076391505,
      "pos_succ_5cm": 1.0,
      "pos_succ_2cm": 0.296875,
      "rot_succ_5deg": 0.984375,
      "rot_succ_10deg": 1.0,
      "pose_succ_5cm_5deg": 0.984375,
      "pose_succ_5cm_10deg": 1.0,
      "pose_succ_2cm_5deg": 0.28125,
      "manif_pos_max_mm": 0.0,
      "manif_pos_mean_mm": 0.0,
      "manif_rot_max_deg": 0.0018763585194396272,
      "manif_rot_mean_deg": 1.8920007369221074e-06,
      "manif_pose_combined_max": 0.0003274863411206752,
      "quat_norm_mean": 1.6007106751203537e-08,
      "quat_norm_max": 5.960464477539063e-08,
      "invalid_quat_rate": 0.0,
      "frac_A_gen": 0.0,
      "frac_A_demo": 0.46875,
      "mode_frac_err": 0.46875,
      "mode_collapse": 1.0,
      "frac_between": 0.0625,
      "W1_q": 0.06597726047039032,
      "E_vel": 0.0022139865905046463,
      "E_acc": 0.0003361773560754955,
      "E_p_dot": 3.886394915753044e-05,
      "E_omega": 0.0012677258346229792,
      "joint_viol_rate": 0.0,
      "e_jl": 0.0,
      "joint_margin_min": 0.20485351979732513,
      "z_e": 0.15
    },
    {
      "pos_err_mean_cm": 3.6193184554576874,
      "pos_err_median_cm": 3.5924527794122696,
      "pos_err_std_cm": 1.0377585887908936,
      "pos_err_max_cm": 5.910605564713478,
      "rot_err_mean_deg": 3.047095518470313,
      "rot_err_median_deg": 2.848664008929456,
      "rot_err_std_deg": 1.371311166928623,
      "rot_err_max_deg": 10.009473181471728,
      "pos_succ_5cm": 0.890625,
      "pos_succ_2cm": 0.046875,
      "rot_succ_5deg": 0.953125,
      "rot_succ_10deg": 0.984375,
      "pose_succ_5cm_5deg": 0.859375,
      "pose_succ_5cm_10deg": 0.875,
      "pose_succ_2cm_5deg": 0.03125,
      "manif_pos_max_mm": 0.0,
      "manif_pos_mean_mm": 0.0,
      "manif_rot_max_deg": 0.004630719013633216,
      "manif_rot_mean_deg": 6.232846599954468e-06,
      "manif_pose_combined_max": 0.0008082129061222076,
      "quat_norm_mean": 1.816079020500183e-08,
      "quat_norm_max": 5.960464477539063e-08,
      "invalid_quat_rate": 0.0,
      "frac_A_gen": 0.0,
      "frac_A_demo": 0.46875,
      "mode_frac_err": 0.46875,
      "mode_collapse": 1.0,
      "frac_between": 0.109375,
      "W1_q": 0.0707741528749466,
      "E_vel": 0.0024882243014872074,
      "E_acc": 0.0009338016388937831,
      "E_p_dot": 7.861826452426612e-05,
      "E_omega": 0.001459527644328773,
      "joint_viol_rate": 0.0,
      "e_jl": 0.0,
      "joint_margin_min": 0.2437824010848999,
      "z_e": 0.2
    }
  ],
  "args": {
    "ckpt": "outputs/franka_baseline_pose_bc/ckpt.pt",
    "n_eval_per_z": 64,
    "z_list": [
      0.05,
      0.1,
      0.15,
      0.2
    ],
    "success_pos": 0.05,
    "success_rot": 0.262,
    "n_inference_steps": 100,
    "use_ema": true,
    "seed": 0
  },
  "ckpt": "outputs/franka_baseline_pose_bc/ckpt.pt",
  "baseline": "bc",
  "cond_injection": "global"
}