{
  "per_z": [
    {
      "z_e": 0.05,
      "e_p_mean": 15.172981262207031,
      "e_p_max": 34.90351486206055,
      "e_R_mean": 2.0548064708709717,
      "e_R_max": 3.06781005859375,
      "succ_rate": 0.0,
      "manif_adh_max": 0.0001779048325261101
    },
    {
      "z_e": 0.1,
      "e_p_mean": 14.618301391601562,
      "e_p_max": 35.429237365722656,
      "e_R_mean": 2.1567769050598145,
      "e_R_max": 3.109238862991333,
      "succ_rate": 0.0,
      "manif_adh_max": 0.00019212813640478998
    },
    {
      "z_e": 0.15,
      "e_p_mean": 16.15715980529785,
      "e_p_max": 39.76628112792969,
      "e_R_mean": 2.1623377799987793,
      "e_R_max": 3.1316609382629395,
      "succ_rate": 0.0,
      "manif_adh_max": 0.00010770341759780422
    },
    {
      "z_e": 0.2,
      "e_p_mean": 13.304449081420898,
      "e_p_max": 33.75324630737305,
      "e_R_mean": 2.1463756561279297,
      "e_R_max": 3.128981351852417,
      "succ_rate": 0.0,
      "manif_adh_max": 0.00019870900723617524
    }
  ]
}