{
  "dp_official": {
    "0.0": {
      "name": "dp_official",
      "frac_up_data": 0.49609375,
      "frac_up_gen": 0.53466796875,
      "frac_between_modes": 0.02734375,
      "w1_up": 0.678247906267643,
      "w1_dn": 0.6605445146560669,
      "w1_mean": 0.6693962104618549,
      "reach_err": 0.642363429069519,
      "g_truth_meanH": NaN
    },
    "0.15": {
      "name": "dp_official",
      "frac_up_data": 0.48291015625,
      "frac_up_gen": 0.50830078125,
      "frac_between_modes": 0.04443359375,
      "w1_up": 0.6167348064482212,
      "w1_dn": 0.5945898555219173,
      "w1_mean": 0.6056623309850693,
      "reach_err": 0.8097097277641296,
      "g_truth_meanH": NaN
    },
    "0.3": {
      "name": "dp_official",
      "frac_up_data": 0.494140625,
      "frac_up_gen": 0.5009765625,
      "frac_between_modes": 0.06005859375,
      "w1_up": 0.8087765201926231,
      "w1_dn": 0.7885906994342804,
      "w1_mean": 0.7986836098134518,
      "reach_err": 0.9801843166351318,
      "g_truth_meanH": NaN
    },
    "0.45": {
      "name": "dp_official",
      "frac_up_data": 0.49169921875,
      "frac_up_gen": 0.51025390625,
      "frac_between_modes": 0.0869140625,
      "w1_up": 0.9671168439090252,
      "w1_dn": 0.935171902179718,
      "w1_mean": 0.9511443730443716,
      "reach_err": 1.145979881286621,
      "g_truth_meanH": NaN
    }
  },
  "projected": {
    "0.0": {
      "name": "projected",
      "frac_up_data": 0.49609375,
      "frac_up_gen": 0.478515625,
      "frac_between_modes": 0.0380859375,
      "w1_up": 0.22869861219078302,
      "w1_dn": 0.20832410920411348,
      "w1_mean": 0.21851136069744825,
      "reach_err": 0.3862924575805664,
      "g_truth_meanH": 0.0003854118403978646
    },
    "0.15": {
      "name": "projected",
      "frac_up_data": 0.48291015625,
      "frac_up_gen": 0.501953125,
      "frac_between_modes": 0.037109375,
      "w1_up": 0.2825605869293213,
      "w1_dn": 0.2799860145896673,
      "w1_mean": 0.2812733007594943,
      "reach_err": 0.46669653058052063,
      "g_truth_meanH": 0.00023786173551343381
    },
    "0.3": {
      "name": "projected",
      "frac_up_data": 0.494140625,
      "frac_up_gen": 0.50830078125,
      "frac_between_modes": 0.0361328125,
      "w1_up": 0.3607884831726551,
      "w1_dn": 0.3455292619764805,
      "w1_mean": 0.3531588725745678,
      "reach_err": 0.5830270051956177,
      "g_truth_meanH": 0.0007293450180441141
    },
    "0.45": {
      "name": "projected",
      "frac_up_data": 0.49169921875,
      "frac_up_gen": 0.50439453125,
      "frac_between_modes": 0.04638671875,
      "w1_up": 0.4769586641341448,
      "w1_dn": 0.47194394282996655,
      "w1_mean": 0.47445130348205566,
      "reach_err": 0.7568924427032471,
      "g_truth_meanH": 0.005825947970151901
    }
  },
  "bc": {
    "0.0": {
      "name": "bc",
      "frac_up_data": 0.49609375,
      "frac_up_gen": 0.82080078125,
      "frac_between_modes": 1.0,
      "w1_up": 1.2315026223659515,
      "w1_dn": 1.2337162494659424,
      "w1_mean": 1.232609435915947,
      "reach_err": 0.7952650189399719,
      "g_truth_meanH": NaN
    },
    "0.15": {
      "name": "bc",
      "frac_up_data": 0.48291015625,
      "frac_up_gen": 0.7880859375,
      "frac_between_modes": 1.0,
      "w1_up": 1.274347335100174,
      "w1_dn": 1.2774104848504066,
      "w1_mean": 1.2758789099752903,
      "reach_err": 0.9513779878616333,
      "g_truth_meanH": NaN
    },
    "0.3": {
      "name": "bc",
      "frac_up_data": 0.494140625,
      "frac_up_gen": 0.71484375,
      "frac_between_modes": 1.0,
      "w1_up": 1.315521240234375,
      "w1_dn": 1.3214384987950325,
      "w1_mean": 1.3184798695147038,
      "reach_err": 1.1078870296478271,
      "g_truth_meanH": NaN
    },
    "0.45": {
      "name": "bc",
      "frac_up_data": 0.49169921875,
      "frac_up_gen": 0.66064453125,
      "frac_between_modes": 1.0,
      "w1_up": 1.4513922035694122,
      "w1_dn": 1.4580296501517296,
      "w1_mean": 1.454710926860571,
      "reach_err": 1.265113353729248,
      "g_truth_meanH": NaN
    }
  },
  "d1_oracle": {
    "0.0": {
      "name": "d1_oracle",
      "frac_up_data": 0.49609375,
      "frac_up_gen": 0.4853515625,
      "frac_between_modes": 0.00390625,
      "w1_up": 0.02585173479747027,
      "w1_dn": 0.02095711848232895,
      "w1_mean": 0.02340442663989961,
      "reach_err": 0.08764898777008057,
      "g_truth_meanH": 0.00037113914731889963
    },
    "0.15": {
      "name": "d1_oracle",
      "frac_up_data": 0.48291015625,
      "frac_up_gen": 0.498046875,
      "frac_between_modes": 0.0009765625,
      "w1_up": 0.023925645044073462,
      "w1_dn": 0.018412289558909833,
      "w1_mean": 0.021168967301491648,
      "reach_err": 0.08633258938789368,
      "g_truth_meanH": 0.00028940688935108483
    },
    "0.3": {
      "name": "d1_oracle",
      "frac_up_data": 0.494140625,
      "frac_up_gen": 0.4931640625,
      "frac_between_modes": 0.00341796875,
      "w1_up": 0.031219679513014853,
      "w1_dn": 0.01830567780416459,
      "w1_mean": 0.02476267865858972,
      "reach_err": 0.09681584686040878,
      "g_truth_meanH": 0.0009317346848547459
    },
    "0.45": {
      "name": "d1_oracle",
      "frac_up_data": 0.49169921875,
      "frac_up_gen": 0.47509765625,
      "frac_between_modes": 0.00244140625,
      "w1_up": 0.0517063878942281,
      "w1_dn": 0.05290424101985991,
      "w1_mean": 0.052305314457044005,
      "reach_err": 0.13886991143226624,
      "g_truth_meanH": 0.006046798080205917
    }
  },
  "d2_ours": {
    "0.0": {
      "name": "d2_ours",
      "frac_up_data": 0.49609375,
      "frac_up_gen": 0.373046875,
      "frac_between_modes": 0.00048828125,
      "w1_up": 0.022580394288524985,
      "w1_dn": 0.017784691997803748,
      "w1_mean": 0.020182543143164366,
      "reach_err": 0.08596636354923248,
      "g_truth_meanH": 0.00036098386044614017
    },
    "0.15": {
      "name": "d2_ours",
      "frac_up_data": 0.48291015625,
      "frac_up_gen": 0.3779296875,
      "frac_between_modes": 0.00244140625,
      "w1_up": 0.02693397575058043,
      "w1_dn": 0.01391193486051634,
      "w1_mean": 0.020422955305548385,
      "reach_err": 0.08474911749362946,
      "g_truth_meanH": 0.0002888843009714037
    },
    "0.3": {
      "name": "d2_ours",
      "frac_up_data": 0.494140625,
      "frac_up_gen": 0.3759765625,
      "frac_between_modes": 0.0009765625,
      "w1_up": 0.025376280304044485,
      "w1_dn": 0.020348745747469366,
      "w1_mean": 0.022862513025756925,
      "reach_err": 0.08886014670133591,
      "g_truth_meanH": 0.0009521233732812107
    },
    "0.45": {
      "name": "d2_ours",
      "frac_up_data": 0.49169921875,
      "frac_up_gen": 0.40283203125,
      "frac_between_modes": 0.001953125,
      "w1_up": 0.03194922814145684,
      "w1_dn": 0.023943953216075897,
      "w1_mean": 0.02794659067876637,
      "reach_err": 0.09801612794399261,
      "g_truth_meanH": 0.006099923513829708
    }
  }
}