{
  "dp_official": 224.14508318901062,
  "projected": 61.9126660823822,
  "bc": 24.28652286529541
}